------------------------------------------------------------------------------------------------------------------------
      name:  master
       log:  /Users/esmith/Desktop/food waste RnR/replication/logs/master_18-Sep-2026_15-29-14.log
  log type:  text
 opened on:  18 Sep 2026, 15:29:14

. 
. di as txt _n "=== Step 0: data prep ==="

=== Step 0: data prep ===

. do "scripts/RnR_00_prep.do"

. // =====================================================================
. // RnR_00_prep.do
. // ---------------------------------------------------------------------
. // PURPOSE : Environment, scheme, variable construction and helper
. //           programs. Builds the analysis-ready dataset from the public
. //           data and saves it for the downstream scripts.
. // INPUTS  : data/public_food_waste_w12.dta
. // OUTPUTS : data/_analysis_data.dta   (working file for later scripts)
. // AUTHOR  : E. Keith Smith
. // DATE    : 2026-09-18   |   STATA: 19.5
. // NOTE    : Working directory is set once in master.do; paths here are
. //           relative. British English throughout.
. // =====================================================================
. 
. set more off

. set linesize 120

. set scheme plotplain

. 
. capture mkdir "output"

. capture mkdir "output/figures"

. capture mkdir "output/tables"

. 
. // ---------- Helper: TOST equivalence test (manual implementation) ----
. // Two one-sided tests using normal approximation.
. // Returns r(tost_p), r(equiv_bound) (smallest |Δ| ruled out at α=.05).
. capture program drop tost_eq

. program define tost_eq, rclass
  1.     syntax , Coef(real) SE(real) SESOI(real)
  2.     local p_lower = 1 - normal((`coef' + `sesoi')/`se')
  3.     local p_upper = 1 - normal((`sesoi' - `coef')/`se')
  4.     local tost_p = max(`p_lower', `p_upper')
  5.     local equiv_bound = abs(`coef') + 1.645*`se'
  6.     return scalar tost_p = `tost_p'
  7.     return scalar equiv_bound = `equiv_bound'
  8. end

. 
. // ---------- Helper: sharpened BKY q-values (Anderson 2008) -----------
. // Input: variable holding p-values; Output: var with sharpened q-values.
. capture program drop bky_qvalues

. program define bky_qvalues
  1.     syntax varname, Generate(name)
  2.     tempvar pvar rank q1 q2 mreject
  3.     qui gen double `pvar' = `varlist'
  4.     qui count if !missing(`pvar')
  5.     local m = r(N)
  6.     sort `pvar'
  7.     qui gen long `rank' = _n if !missing(`pvar')
  8.     // Stage 1: standard BH q-values
.     qui gen double `q1' = `pvar' * `m' / `rank' if !missing(`pvar')
  9.     qui replace `q1' = min(`q1', 1)
 10.     // Enforce monotonicity from bottom
.     forvalues i = `=`m'-1'(-1)1 {
 11.         qui replace `q1' = min(`q1'[`=`i'+1'], `q1'[`i']) in `i'
 12.     }
 13.     // Stage 2: BKY two-stage. Reject set at α/(1+α)≈.0476 with α=.05
.     qui gen byte `mreject' = `q1' <= 0.05/1.05 if !missing(`pvar')
 14.     qui sum `mreject'
 15.     local m0_hat = `m' - r(sum)
 16.     if `m0_hat' < 1 local m0_hat = 1
 17.     // Stage 3: sharpened
.     qui gen double `q2' = `pvar' * `m0_hat' / `rank' if !missing(`pvar')
 18.     qui replace `q2' = min(`q2', 1)
 19.     forvalues i = `=`m'-1'(-1)1 {
 20.         qui replace `q2' = min(`q2'[`=`i'+1'], `q2'[`i']) in `i'
 21.     }
 22.     qui gen double `generate' = `q2'
 23. end

. 
. // =====================================================================
. // Load the merged dataset
. // =====================================================================
. use "data/public_food_waste_w12.dta", clear
(Public replication data - SEP Wave 12 food-waste experiment (anonymised))

. 
. // =====================================================================
. // Treatment indicators (lifted from existing do file)
. // =====================================================================
. // FW vs Burden assignment
. recode w12_treat3 (0=1 "FW treatment") (1=0 "Intergenerational Burden"), ///
>     gen(treat_assign)
(6,586 differences between w12_treat3 and treat_assign)

. lab var treat_assign "Treatment assignment, Food Waste or Intergenerational Burden"

. 
. // Awareness (Food Waste Action Plan info) — for state-intervention block
. recode w12_treat4 (-66 0=1 "No Info") (1=2 "Info"), gen(treat_action_state)
(6,586 differences between w12_treat4 and treat_action_state)

. la var treat_action_state "FW Info Treatment"

. 
. recode w12_treat4 (-66=0 "No Info, Q36") (0=1 "No Info, Q31") ///
>     (1=2 "Info, Q31"), gen(treat_action_state_3)
(6,586 differences between w12_treat4 and treat_action_state_3)

. la var treat_action_state_3 "FW Info Treatment, for both q31 and q36"

. 
. // Awareness — for policy support block
. gen treat_action_policy=.
(9,817 missing values generated)

. replace treat_action_policy=0 if treat_assign==0
(3,295 real changes made)

. replace treat_action_policy=1 if treat_assign==1
(3,291 real changes made)

. la def treat_action_policy 0 "Not displayed" 1 "Displayed"

. la val treat_action_policy treat_action_policy

. la var treat_action_policy "FW Info Treatment - Displayed or not"

. 
. // Effectiveness/feedback frame
. recode w12_treat5 (0=3 "Info, Achieve Goal") ///
>     (1=2 "Info, Will Not Achieve Goal") ///
>     (2=1 "Info, no effectiveness treatment") (else=.), gen(treat_effect_3)
(6,586 differences between w12_treat5 and treat_effect_3)

. la var treat_effect_3 "Effectiveness Treatment, Only Action Info Arm"

. 
. clonevar treat_effect = treat_effect_3
(6,526 missing values generated)

. replace treat_effect = 0 if treat_assign==0
(3,295 real changes made)

. la def treat_effect 0 "Control, burden treatment arm" ///
>     3 "Info, Achieve Goal" 2 "Info, Will Not Achieve Goal" ///
>     1 "Info, no effectiveness treatment"

. la val treat_effect treat_effect

. la var treat_effect "Effectiveness Treatment"

. 
. // Order of Q32/Q33
. capture confirm variable fl_93_do

. if _rc == 0 {
.     encode fl_93_do, gen(q32q33_order)
. }

. 
. // =====================================================================
. // Prior beliefs (within FW akt=1 only)
. // =====================================================================
. foreach pair in "28 plan_industry" "29 plan_effective" "30 plan_goal" {
  2.     tokenize "`pair'"
  3.     recode w12_q`1' (1=0) (2=.25) (3=.5) (4=.75) (5=1) ///
>         (-77=.r) (-8=.d) (-66=.t), gen(`2')
  4. }
(6,586 differences between w12_q28 and plan_industry)
(6,586 differences between w12_q29 and plan_effective)
(6,586 differences between w12_q30 and plan_goal)

. lab var plan_industry "Industry will reduce food waste"

. lab var plan_effective "Plan will be effective"

. lab var plan_goal "Plan will achieve 50% reduction goal"

. 
. // Composite prior index for Fig 6 moderator analysis
. egen plan_prior_avg = rowmean(plan_industry plan_effective plan_goal)
(8,228 missing values generated)

. lab var plan_prior_avg "Average prior belief in plan effectiveness (POMS 0-1)"

. 
. // =====================================================================
. // Subgroups
. // =====================================================================
. recode w10_q2 (1=1 "Female") (2 3=0 "Not Female") (-99 -77=.), gen(female)
(4,793 differences between w10_q2 and female)

. 
. recode w10_q5 ///
>     (1 2=1 "Obligatory schooling") ///
>     (3 4=2 "Vocational Certificate") ///
>     (5=3 "Technical certificate") ///
>     (6 7=4 "University degree") (else=.), gen(educ)
(9,410 differences between w10_q5 and educ)

. 
. recode w10_q53 (-99/0=.), gen(income)
(1,024 differences between w10_q53 and income)

. 
. recode w10_q26 ///
>     (1=1 "Omnivore (>1.5kg/week)") ///
>     (2=2 "Omnivore (0.5-1.5kg/week)") ///
>     (3=3 "Flexitarian (<0.5kg/week)") ///
>     (4=4 "Vegetarian") (5=5 "Vegan") (else=.), gen(diet)
(1,799 differences between w10_q26 and diet)

. 
. // Environmental attitudes (factor of w10_q8x1-w10_q8x12)
. foreach n of numlist 1/12 {
  2.     qui recode w10_q8x`n' (-99=.) (-97=.) (-77=.) (-8=.)
  3. }

. qui factor w10_q8x*, ipf mineigen(1)

. qui predict drop_env_att

. egen env_att = std(drop_env_att)
(1,393 missing values generated)

. drop drop_env_att

. lab var env_att "Environmental Attitudes"

. 
. // Political orientation (reversed so high=Left)
. recode w10_q40 (-99/-7=.), gen(poli_ori_RL)
(1,033 differences between w10_q40 and poli_ori_RL)

. la def poli_ori_RL 1 "Left" 11 "Right"

. la val poli_ori_RL poli_ori_RL

. lab var poli_ori_RL "Political Orientation Left to Right"

. 
. gen poli_ori = 12 - poli_ori_RL
(1,381 missing values generated)

. la def poli_ori 11 "Left" 1 "Right"

. la val poli_ori poli_ori

. lab var poli_ori "Political Orientation"

. 
. // Institutional trust (factor of w10_q44x1-w10_q44x8)
. foreach n of numlist 1/8 {
  2.     qui recode w10_q44x`n' (-99/0=.), gen(trust_`n')
  3. }

. qui factor trust_1-trust_8, ipf fac(1)

. qui predict ins_trust

. lab var ins_trust "Institutional Trust"

. drop trust_*

. 
. // =====================================================================
. // Perception items (state-intervention statements) — POMS 0-1 scale
. // =====================================================================
. foreach q in 31 32 36 {
  2.     recode w12_q`q'x1 (1=0) (2=.25) (3=.5) (4=.75) (5=1) ///
>         (-77=.r) (-8=.d) (-66=.t), gen(state_`q'_vol)
  3.     lab var state_`q'_vol "Voluntary measures are sufficient"
  4. 
.     recode w12_q`q'x2 (1=0) (2=.25) (3=.5) (4=.75) (5=1) ///
>         (-77=.r) (-8=.d) (-66=.t), gen(state_`q'_gov)
  5.     lab var state_`q'_gov "Government measures are needed"
  6. 
.     recode w12_q`q'x3 (1=0) (2=.25) (3=.5) (4=.75) (5=1) ///
>         (-77=.r) (-8=.d) (-66=.t), gen(state_`q'_busi)
  7.     lab var state_`q'_busi "Food businesses should be forced to reduce"
  8. }
(6,586 differences between w12_q31x1 and state_31_vol)
(6,586 differences between w12_q31x2 and state_31_gov)
(6,586 differences between w12_q31x3 and state_31_busi)
(6,586 differences between w12_q32x1 and state_32_vol)
(6,586 differences between w12_q32x2 and state_32_gov)
(6,586 differences between w12_q32x3 and state_32_busi)
(6,586 differences between w12_q36x1 and state_36_vol)
(6,586 differences between w12_q36x2 and state_36_gov)
(6,586 differences between w12_q36x3 and state_36_busi)

. 
. foreach y in vol gov busi {
  2.     clonevar state_`y'_base = state_36_`y'
  3.     clonevar state_`y'_t_info = state_31_`y' if treat_assign==1
  4.     gen state_`y'_t_effect = state_32_`y' - state_31_`y' if treat_assign==1
  5.     lab var state_`y'_base "Baseline `y' (burden split, Q36)"
  6.     lab var state_`y'_t_info "FW awareness `y' (Q31, FW only)"
  7.     lab var state_`y'_t_effect "FW effectiveness Δ`y' (Q32-Q31, FW only)"
  8. }
(6,678 missing values generated)
(6,675 missing values generated)
(6,725 missing values generated)
(6,648 missing values generated)
(6,640 missing values generated)
(6,670 missing values generated)
(6,642 missing values generated)
(6,637 missing values generated)
(6,671 missing values generated)

. 
. // =====================================================================
. // Policy support items (12 items per Q33 and Q37) — POMS 0-1 scale
. // =====================================================================
. foreach q in 33 37 {
  2.     foreach n of num 1/12 {
  3.         recode w12_q`q'x`n' (1=0) (2=.25) (3=.5) (4=.75) (5=1) ///
>             (-77=.r) (-8=.d) (-66=.t), gen(poms_policy_`q'_`n')
  4.     }
  5.     egen pol_supp_info_mi_`q' = rowmiss(poms_policy_`q'_1 poms_policy_`q'_2)
  6.     egen pol_supp_info_`q' = rowmean(poms_policy_`q'_1 poms_policy_`q'_2) ///
>         if pol_supp_info_mi_`q'==0
  7.     lab var pol_supp_info_`q' "Information & Disclosures"
  8. 
.     egen pol_supp_tax_mi_`q' = rowmiss(poms_policy_`q'_3 poms_policy_`q'_4)
  9.     egen pol_supp_tax_`q' = rowmean(poms_policy_`q'_3 poms_policy_`q'_4) ///
>         if pol_supp_tax_mi_`q'==0
 10.     lab var pol_supp_tax_`q' "Taxes & Charges"
 11. 
.     egen pol_supp_mandate_mi_`q' = rowmiss(poms_policy_`q'_5-poms_policy_`q'_12)
 12.     egen pol_supp_mandate_`q' = rowmean(poms_policy_`q'_5-poms_policy_`q'_12) ///
>         if pol_supp_mandate_mi_`q'==0
 13.     lab var pol_supp_mandate_`q' "Mandates & Obligations"
 14. }
(6,586 differences between w12_q33x1 and poms_policy_33_1)
(6,586 differences between w12_q33x2 and poms_policy_33_2)
(6,586 differences between w12_q33x3 and poms_policy_33_3)
(6,586 differences between w12_q33x4 and poms_policy_33_4)
(6,586 differences between w12_q33x5 and poms_policy_33_5)
(6,586 differences between w12_q33x6 and poms_policy_33_6)
(6,586 differences between w12_q33x7 and poms_policy_33_7)
(6,586 differences between w12_q33x8 and poms_policy_33_8)
(6,586 differences between w12_q33x9 and poms_policy_33_9)
(6,586 differences between w12_q33x10 and poms_policy_33_10)
(6,586 differences between w12_q33x11 and poms_policy_33_11)
(6,586 differences between w12_q33x12 and poms_policy_33_12)
(6,658 missing values generated)
(6,721 missing values generated)
(6,890 missing values generated)
(6,586 differences between w12_q37x1 and poms_policy_37_1)
(6,586 differences between w12_q37x2 and poms_policy_37_2)
(6,586 differences between w12_q37x3 and poms_policy_37_3)
(6,586 differences between w12_q37x4 and poms_policy_37_4)
(6,586 differences between w12_q37x5 and poms_policy_37_5)
(6,586 differences between w12_q37x6 and poms_policy_37_6)
(6,586 differences between w12_q37x7 and poms_policy_37_7)
(6,586 differences between w12_q37x8 and poms_policy_37_8)
(6,586 differences between w12_q37x9 and poms_policy_37_9)
(6,586 differences between w12_q37x10 and poms_policy_37_10)
(6,586 differences between w12_q37x11 and poms_policy_37_11)
(6,586 differences between w12_q37x12 and poms_policy_37_12)
(6,654 missing values generated)
(6,742 missing values generated)
(6,926 missing values generated)

. 
. foreach y in info tax mandate {
  2.     clonevar pol_supp_`y'_base = pol_supp_`y'_37
  3.     clonevar pol_supp_`y'_t_info = pol_supp_`y'_37
  4.     replace pol_supp_`y'_t_info = pol_supp_`y'_33 ///
>         if treat_effect==1 & treat_assign==1
  5.     clonevar pol_supp_`y'_t_effect = pol_supp_`y'_33
  6.     lab var pol_supp_`y'_base "Baseline policy support: `y' (Q37, burden split)"
  7.     lab var pol_supp_`y'_t_info "Awareness policy support: `y'"
  8.     lab var pol_supp_`y'_t_effect "Effectiveness policy support: `y' (FW only)"
  9. }
(6,654 missing values generated)
(6,654 missing values generated)
(1,061 real changes made)
(6,658 missing values generated)
(6,742 missing values generated)
(6,742 missing values generated)
(1,037 real changes made)
(6,721 missing values generated)
(6,926 missing values generated)
(6,926 missing values generated)
(984 real changes made)
(6,890 missing values generated)

. 
. // =====================================================================
. // Top policy priority (Q35x1)
. // =====================================================================
. recode w12_q35x1 ///
>     (1 3=1 "Information & Disclosures") ///
>     (4 7=2 "Taxes & Charges") ///
>     (2 6 8=3 "Mandates & Obligations") ///
>     (5=4 "Continue voluntary action plan") ///
>     (-77=.r) (-8=.d) (-66=.t), gen(top_pref)
(5,985 differences between w12_q35x1 and top_pref)

. lab var top_pref "Top Policy Preference"

. 
. // =====================================================================
. // Save analysis-ready dataset
. // =====================================================================
. compress
  variable treat_action_policy was float now byte
  variable poli_ori was float now byte
  variable pol_supp_info_mi_33 was float now byte
  variable pol_supp_tax_mi_33 was float now byte
  variable pol_supp_mandate_mi_33 was float now byte
  variable pol_supp_info_mi_37 was float now byte
  variable pol_supp_tax_mi_37 was float now byte
  variable pol_supp_mandate_mi_37 was float now byte
  (235,608 bytes saved)

. save "data/_analysis_data.dta", replace
(file data/_analysis_data.dta not found)
file data/_analysis_data.dta saved

. 
. di as txt _n "==> Prep complete. N=" _N " saved to data/_analysis_data.dta"

==> Prep complete. N=9817 saved to data/_analysis_data.dta

. 
end of do-file

. 
. di as txt _n "=== Step 1: balance & pre-analysis checks ==="

=== Step 1: balance & pre-analysis checks ===

. do "scripts/RnR_01_balance.do"

. // =====================================================================
. // RnR_01_balance.do
. // ---------------------------------------------------------------------
. // PURPOSE : Pre-analysis balance / equivalence / manipulation checks (supporting).
. // INPUTS  : data/_analysis_data.dta
. // OUTPUTS : output/tables/balance_tests.xlsx
. // AUTHOR  : E. Keith Smith   |   DATE: 2026-09-18   |   STATA: 19.5
. // NOTE    : Run via master.do (sets wd once); relative paths only.
. // =====================================================================
. 
. // =====================================================================
. // RnR_01_balance.do
. // Pre-analysis tests:
. //   (1) Q36 vs Q31 akt=0 equivalence on the three perception items
. //   (2) Q32/Q33 order balance across treat_effect_3 arms
. //   (3) Manipulation check on plan_industry/plan_effective/plan_goal
. //       (a) descriptives within akt=1
. //       (b) prior balance across treat_effect_3 arms
. // Results written to tables/balance_tests.xlsx (one sheet each).
. // =====================================================================
. 
. qui do "scripts/RnR_helpers.do"

. use "data/_analysis_data.dta", clear
(Public replication data - SEP Wave 12 food-waste experiment (anonymised))

. 
. local xlsx "output/tables/balance_tests.xlsx"

. capture rm "`xlsx'"

. 
. // ---------- (1) Q36 vs Q31 akt=0 equivalence ----------
. putexcel set "`xlsx'", sheet("q36_vs_q31") replace
note: file will be replaced when the first putexcel command is issued.

. putexcel A1 = "Q36 (burden split, akt=0) vs Q31 (FW akt=0) - t-tests on POMS 0-1 perception items"
file output/tables/balance_tests.xlsx saved

. local hdrs `" "Outcome" "Mean Q36" "Mean Q31" "Diff" "SE diff" "t" "df" "p" "n (Q36)" "n (Q31)" "TOST p (SESOI=0.02)" 
> "Bound ruled out" "'

. local cols A B C D E F G H I J K L

. local i = 1

. foreach h of local hdrs {
  2.     local c : word `i' of `cols'
  3.     putexcel `c'3 = "`h'"
  4.     local ++i
  5. }
file output/tables/balance_tests.xlsx saved
file output/tables/balance_tests.xlsx saved
file output/tables/balance_tests.xlsx saved
file output/tables/balance_tests.xlsx saved
file output/tables/balance_tests.xlsx saved
file output/tables/balance_tests.xlsx saved
file output/tables/balance_tests.xlsx saved
file output/tables/balance_tests.xlsx saved
file output/tables/balance_tests.xlsx saved
file output/tables/balance_tests.xlsx saved
file output/tables/balance_tests.xlsx saved
file output/tables/balance_tests.xlsx saved

. 
. local row = 4

. foreach y in vol gov busi {
  2.     tempvar tmp
  3.     gen `tmp' = state_36_`y' if treat_action_state_3==0
  4.     replace `tmp' = state_31_`y' if treat_action_state_3==1
  5.     quietly ttest `tmp' if treat_action_state_3 < 2, by(treat_action_state_3)
  6.     local m1 = r(mu_1)
  7.     local m2 = r(mu_2)
  8.     local diff = `m2' - `m1'
  9.     local sed  = r(se)
 10.     local t    = r(t)
 11.     local df   = r(df_t)
 12.     local p    = r(p)
 13.     local n1   = r(N_1)
 14.     local n2   = r(N_2)
 15.     tost_eq, coef(`diff') se(`sed') sesoi(0.02)
 16.     local tost_p = r(tost_p)
 17.     local bound  = r(equiv_bound)
 18.     putexcel A`row' = "`y'"
 19.     putexcel B`row' = (`m1')
 20.     putexcel C`row' = (`m2')
 21.     putexcel D`row' = (`diff')
 22.     putexcel E`row' = (`sed')
 23.     putexcel F`row' = (`t')
 24.     putexcel G`row' = (`df')
 25.     putexcel H`row' = (`p')
 26.     putexcel I`row' = (`n1')
 27.     putexcel J`row' = (`n2')
 28.     putexcel K`row' = (`tost_p')
 29.     putexcel L`row' = (`bound')
 30.     local ++row
 31.     drop `tmp'
 32. }
(6,678 missing values generated)
(1,653 real changes made, 76 to missing)
file output/tables/balance_tests.xlsx saved
file output/tables/balance_tests.xlsx saved
file output/tables/balance_tests.xlsx saved
file output/tables/balance_tests.xlsx saved
file output/tables/balance_tests.xlsx saved
file output/tables/balance_tests.xlsx saved
file output/tables/balance_tests.xlsx saved
file output/tables/balance_tests.xlsx saved
file output/tables/balance_tests.xlsx saved
file output/tables/balance_tests.xlsx saved
file output/tables/balance_tests.xlsx saved
file output/tables/balance_tests.xlsx saved
(6,648 missing values generated)
(1,653 real changes made, 62 to missing)
file output/tables/balance_tests.xlsx saved
file output/tables/balance_tests.xlsx saved
file output/tables/balance_tests.xlsx saved
file output/tables/balance_tests.xlsx saved
file output/tables/balance_tests.xlsx saved
file output/tables/balance_tests.xlsx saved
file output/tables/balance_tests.xlsx saved
file output/tables/balance_tests.xlsx saved
file output/tables/balance_tests.xlsx saved
file output/tables/balance_tests.xlsx saved
file output/tables/balance_tests.xlsx saved
file output/tables/balance_tests.xlsx saved
(6,642 missing values generated)
(1,653 real changes made, 55 to missing)
file output/tables/balance_tests.xlsx saved
file output/tables/balance_tests.xlsx saved
file output/tables/balance_tests.xlsx saved
file output/tables/balance_tests.xlsx saved
file output/tables/balance_tests.xlsx saved
file output/tables/balance_tests.xlsx saved
file output/tables/balance_tests.xlsx saved
file output/tables/balance_tests.xlsx saved
file output/tables/balance_tests.xlsx saved
file output/tables/balance_tests.xlsx saved
file output/tables/balance_tests.xlsx saved
file output/tables/balance_tests.xlsx saved

. 
. di as txt "Q36 vs Q31 akt=0 equivalence written."
Q36 vs Q31 akt=0 equivalence written.

. 
. // ---------- (2) Q32/Q33 order balance across treat_effect_3 ----------
. capture confirm variable q32q33_order

. if _rc == 0 {
.     putexcel set "`xlsx'", sheet("order_balance") modify
.     putexcel A1 = "Q32/Q33 display order balance"
. 
.     // Chi-square test of order × treat_effect_3
.     quietly tab q32q33_order treat_effect_3, chi2
.     local chi2 = r(chi2)
.     local p_chi = r(p)
.     local dfr = r(r) - 1
.     local dfc = r(c) - 1
.     local dft = `dfr'*`dfc'
.     putexcel A3 = "Chi-square: q32q33_order × treat_effect_3"
.     putexcel A4 = "chi2"
.     putexcel B4 = (`chi2')
.     putexcel A5 = "df"
.     putexcel B5 = (`dft')
.     putexcel A6 = "p"
.     putexcel B6 = (`p_chi')
. 
.     // Outcome means by order within each effectiveness arm
.     putexcel A8 = "Outcome means by order, within treat_effect_3"
.     putexcel A9 = "Outcome"
.     putexcel B9 = "treat_effect_3"
.     putexcel C9 = "Mean order=1"
.     putexcel D9 = "Mean order=2"
.     putexcel E9 = "Diff"
.     putexcel F9 = "p (ttest)"
.     putexcel G9 = "n"
.     local row = 10
.     foreach y in vol gov busi {
  2.         forvalues e = 1/3 {
  3.             capture noisily quietly ttest state_`y'_t_effect if treat_effect_3==`e', by(q32q33_order)
  4.             if _rc == 0 {
  5.                 local m1 = r(mu_1)
  6.                 local m2 = r(mu_2)
  7.                 local d  = `m2' - `m1'
  8.                 local p  = r(p)
  9.                 local n  = r(N_1) + r(N_2)
 10.                 putexcel A`row' = "`y'_t_effect"
 11.                 putexcel B`row' = (`e')
 12.                 putexcel C`row' = (`m1')
 13.                 putexcel D`row' = (`m2')
 14.                 putexcel E`row' = (`d')
 15.                 putexcel F`row' = (`p')
 16.                 putexcel G`row' = (`n')
 17.                 local ++row
 18.             }
 19.         }
 20.     }
.     di as txt "Order balance written."
. }

. else {
.     di as error "fl_93_do / q32q33_order missing — order balance test skipped."
fl_93_do / q32q33_order missing — order balance test skipped.
. }

. 
. // ---------- (3) Manipulation check on prior beliefs ----------
. putexcel set "`xlsx'", sheet("priors_manip") modify

. putexcel A1 = "Prior beliefs in plan effectiveness - within FW akt=1 (treat_action_state==2)"
file output/tables/balance_tests.xlsx saved

. putexcel A3 = "Variable"
file output/tables/balance_tests.xlsx saved

. putexcel B3 = "Mean"
file output/tables/balance_tests.xlsx saved

. putexcel C3 = "SD"
file output/tables/balance_tests.xlsx saved

. putexcel D3 = "Min"
file output/tables/balance_tests.xlsx saved

. putexcel E3 = "Max"
file output/tables/balance_tests.xlsx saved

. putexcel F3 = "n"
file output/tables/balance_tests.xlsx saved

. local row = 4

. foreach v in plan_industry plan_effective plan_goal plan_prior_avg {
  2.     quietly sum `v' if treat_action_state==2
  3.     putexcel A`row' = "`v'"
  4.     putexcel B`row' = (r(mean))
  5.     putexcel C`row' = (r(sd))
  6.     putexcel D`row' = (r(min))
  7.     putexcel E`row' = (r(max))
  8.     putexcel F`row' = (r(N))
  9.     local ++row
 10. }
file output/tables/balance_tests.xlsx saved
file output/tables/balance_tests.xlsx saved
file output/tables/balance_tests.xlsx saved
file output/tables/balance_tests.xlsx saved
file output/tables/balance_tests.xlsx saved
file output/tables/balance_tests.xlsx saved
file output/tables/balance_tests.xlsx saved
file output/tables/balance_tests.xlsx saved
file output/tables/balance_tests.xlsx saved
file output/tables/balance_tests.xlsx saved
file output/tables/balance_tests.xlsx saved
file output/tables/balance_tests.xlsx saved
file output/tables/balance_tests.xlsx saved
file output/tables/balance_tests.xlsx saved
file output/tables/balance_tests.xlsx saved
file output/tables/balance_tests.xlsx saved
file output/tables/balance_tests.xlsx saved
file output/tables/balance_tests.xlsx saved
file output/tables/balance_tests.xlsx saved
file output/tables/balance_tests.xlsx saved
file output/tables/balance_tests.xlsx saved
file output/tables/balance_tests.xlsx saved
file output/tables/balance_tests.xlsx saved
file output/tables/balance_tests.xlsx saved

. 
. putexcel A`=`row'+1' = "Balance of priors across treat_effect_3 arms (regression F-test)"
file output/tables/balance_tests.xlsx saved

. local row = `row' + 2

. putexcel A`row' = "Variable"
file output/tables/balance_tests.xlsx saved

. putexcel B`row' = "F"
file output/tables/balance_tests.xlsx saved

. putexcel C`row' = "df1"
file output/tables/balance_tests.xlsx saved

. putexcel D`row' = "df2"
file output/tables/balance_tests.xlsx saved

. putexcel E`row' = "p"
file output/tables/balance_tests.xlsx saved

. putexcel F`row' = "n"
file output/tables/balance_tests.xlsx saved

. local ++row

. foreach v in plan_industry plan_effective plan_goal {
  2.     quietly regress `v' i.treat_effect_3 if treat_action_state==2
  3.     quietly test 2.treat_effect_3 3.treat_effect_3
  4.     putexcel A`row' = "`v'"
  5.     putexcel B`row' = (r(F))
  6.     putexcel C`row' = (r(df))
  7.     putexcel D`row' = (r(df_r))
  8.     putexcel E`row' = (r(p))
  9.     putexcel F`row' = (e(N))
 10.     local ++row
 11. }
file output/tables/balance_tests.xlsx saved
file output/tables/balance_tests.xlsx saved
file output/tables/balance_tests.xlsx saved
file output/tables/balance_tests.xlsx saved
file output/tables/balance_tests.xlsx saved
file output/tables/balance_tests.xlsx saved
file output/tables/balance_tests.xlsx saved
file output/tables/balance_tests.xlsx saved
file output/tables/balance_tests.xlsx saved
file output/tables/balance_tests.xlsx saved
file output/tables/balance_tests.xlsx saved
file output/tables/balance_tests.xlsx saved
file output/tables/balance_tests.xlsx saved
file output/tables/balance_tests.xlsx saved
file output/tables/balance_tests.xlsx saved
file output/tables/balance_tests.xlsx saved
file output/tables/balance_tests.xlsx saved
file output/tables/balance_tests.xlsx saved

. di as txt "Manipulation check written."
Manipulation check written.

. 
. di as txt _n "==> Balance tests written to `xlsx'"

==> Balance tests written to output/tables/balance_tests.xlsx

. 
end of do-file

. 
. di as txt _n "=== Step 2: Figure 2 (baseline preferences) ==="

=== Step 2: Figure 2 (baseline preferences) ===

. do "scripts/RnR_02_fig2.do"

. // =====================================================================
. // RnR_02_fig2.do
. // ---------------------------------------------------------------------
. // PURPOSE : Figure 2 - baseline food-waste policy preferences (untreated arm).
. // INPUTS  : data/_analysis_data.dta
. // OUTPUTS : output/figures/fig02_baseline_preferences.*; output/tables/fig02_results.xlsx
. // AUTHOR  : E. Keith Smith   |   DATE: 2026-09-18   |   STATA: 19.5
. // NOTE    : Run via master.do (sets wd once); relative paths only.
. // =====================================================================
. 
. // =====================================================================
. // RnR_02_fig2.do — Fig 2: baseline preferences (burden split)
. // Panel A: mean policy support (info/tax/mandate), Q37, burden split
. // Panel B: mean perceptions (vol/gov/busi), Q36, burden split
. // =====================================================================
. 
. qui do "scripts/RnR_helpers.do"

. use "data/_analysis_data.dta", clear
(Public replication data - SEP Wave 12 food-waste experiment (anonymised))

. 
. // ---------- Panel A: policy support ----------
. gr bar (mean) pol_supp_info_base pol_supp_tax_base pol_supp_mandate_base, ///
>     ti("{bf:Support for stronger}" "{bf:food-waste policies}", s(large)) ///
>     bar(1, col(edkblue)) bar(2, col(forest_green)) bar(3, col(maroon)) ///
>     ylab(0(0.2)1, format(%3.2f) gmax labs(medium)) ///
>     blabel(bar, pos(north) format(%3.2f) s(medsmall)) ///
>     leg(order(1 "Information" "& Disclosures" ///
>               2 "Taxes" "& Charges" ///
>               3 "Mandates" "& Obligations") ///
>         row(2) pos(6) si(small)) ///
>     caption("{bf:a)}", pos(10) ring(12) size(medsmall)) ///
>     name(fig2a, replace) nodraw
(note:  named style north not found in class barlabelpos, default attributes used)
(note:  barlabelpos not found in scheme, default attributes used)

. 
. // ---------- Panel B: perceptions ----------
. gr bar (mean) state_vol_base state_gov_base state_busi_base, ///
>     ti("{bf:Perceptions of voluntary measures and}" "{bf:demand for government action}", s(large)) ///
>     bar(1, col(sand)) bar(2, col(sienna)) bar(3, col(teal)) ///
>     ylab(0(0.2)1, format(%3.2f) gmax labs(medium)) ///
>     blabel(bar, pos(1) format(%3.2f) s(medsmall)) ///
>     leg(order(1 "Voluntary measures" "are sufficient" ///
>               2 "Government measures" "are needed" ///
>               3 "Non-participating firms" "required to reduce waste") ///
>         row(2) pos(6) si(small) region(style(none))) ///
>     caption("{bf:b)}", pos(10) ring(12) size(medsmall)) ///
>     name(fig2b, replace) nodraw
(note:  named style 1 not found in class barlabelpos, default attributes used)
(note:  barlabelpos not found in scheme, default attributes used)

. 
. gr combine fig2a fig2b, ycomm name(fig2, replace) xsize(8)
(note:  named style north not found in class barlabelpos, default attributes used)
(note:  barlabelpos not found in scheme, default attributes used)
(note:  named style 1 not found in class barlabelpos, default attributes used)
(note:  barlabelpos not found in scheme, default attributes used)

. gr export "output/figures/fig02_baseline_preferences.pdf", as(pdf) name("fig2") replace
file output/figures/fig02_baseline_preferences.pdf saved as PDF format

. gr export "output/figures/fig02_baseline_preferences.png", as(png) name("fig2") replace
(file output/figures/fig02_baseline_preferences.png not found)
file output/figures/fig02_baseline_preferences.png written in PNG format

. 
. // ---------- Underlying numbers ----------
. local xlsx "output/tables/fig02_results.xlsx"

. capture rm "`xlsx'"

. 
. // Panel A
. putexcel set "`xlsx'", sheet("panelA_policy_support") replace
note: file will be replaced when the first putexcel command is issued.

. putexcel A1 = "Fig 2 Panel A - Baseline policy support means, burden split"
file output/tables/fig02_results.xlsx saved

. putexcel A3 = "Outcome"
file output/tables/fig02_results.xlsx saved

. putexcel B3 = "Mean"
file output/tables/fig02_results.xlsx saved

. putexcel C3 = "SE"
file output/tables/fig02_results.xlsx saved

. putexcel D3 = "Lower 95% CI"
file output/tables/fig02_results.xlsx saved

. putexcel E3 = "Upper 95% CI"
file output/tables/fig02_results.xlsx saved

. putexcel F3 = "n"
file output/tables/fig02_results.xlsx saved

. local row = 4

. foreach y in info tax mandate {
  2.     quietly mean pol_supp_`y'_base
  3.     matrix b = r(table)
  4.     putexcel A`row' = "`y'"
  5.     putexcel B`row' = (b[1,1])
  6.     putexcel C`row' = (b[2,1])
  7.     putexcel D`row' = (b[5,1])
  8.     putexcel E`row' = (b[6,1])
  9.     putexcel F`row' = (e(N))
 10.     local ++row
 11. }
file output/tables/fig02_results.xlsx saved
file output/tables/fig02_results.xlsx saved
file output/tables/fig02_results.xlsx saved
file output/tables/fig02_results.xlsx saved
file output/tables/fig02_results.xlsx saved
file output/tables/fig02_results.xlsx saved
file output/tables/fig02_results.xlsx saved
file output/tables/fig02_results.xlsx saved
file output/tables/fig02_results.xlsx saved
file output/tables/fig02_results.xlsx saved
file output/tables/fig02_results.xlsx saved
file output/tables/fig02_results.xlsx saved
file output/tables/fig02_results.xlsx saved
file output/tables/fig02_results.xlsx saved
file output/tables/fig02_results.xlsx saved
file output/tables/fig02_results.xlsx saved
file output/tables/fig02_results.xlsx saved
file output/tables/fig02_results.xlsx saved

. 
. // Panel B
. putexcel set "`xlsx'", sheet("panelB_perceptions") modify

. putexcel A1 = "Fig 2 Panel B - Baseline perception means, burden split"
file output/tables/fig02_results.xlsx saved

. putexcel A3 = "Outcome"
file output/tables/fig02_results.xlsx saved

. putexcel B3 = "Mean"
file output/tables/fig02_results.xlsx saved

. putexcel C3 = "SE"
file output/tables/fig02_results.xlsx saved

. putexcel D3 = "Lower 95% CI"
file output/tables/fig02_results.xlsx saved

. putexcel E3 = "Upper 95% CI"
file output/tables/fig02_results.xlsx saved

. putexcel F3 = "n"
file output/tables/fig02_results.xlsx saved

. local row = 4

. foreach y in vol gov busi {
  2.     quietly mean state_`y'_base
  3.     matrix b = r(table)
  4.     putexcel A`row' = "`y'"
  5.     putexcel B`row' = (b[1,1])
  6.     putexcel C`row' = (b[2,1])
  7.     putexcel D`row' = (b[5,1])
  8.     putexcel E`row' = (b[6,1])
  9.     putexcel F`row' = (e(N))
 10.     local ++row
 11. }
file output/tables/fig02_results.xlsx saved
file output/tables/fig02_results.xlsx saved
file output/tables/fig02_results.xlsx saved
file output/tables/fig02_results.xlsx saved
file output/tables/fig02_results.xlsx saved
file output/tables/fig02_results.xlsx saved
file output/tables/fig02_results.xlsx saved
file output/tables/fig02_results.xlsx saved
file output/tables/fig02_results.xlsx saved
file output/tables/fig02_results.xlsx saved
file output/tables/fig02_results.xlsx saved
file output/tables/fig02_results.xlsx saved
file output/tables/fig02_results.xlsx saved
file output/tables/fig02_results.xlsx saved
file output/tables/fig02_results.xlsx saved
file output/tables/fig02_results.xlsx saved
file output/tables/fig02_results.xlsx saved
file output/tables/fig02_results.xlsx saved

. 
. di as txt _n "==> Fig 2 + table written."

==> Fig 2 + table written.

. 
end of do-file

. 
. di as txt _n "=== Step 3: Figure 3 (perceptions) ==="

=== Step 3: Figure 3 (perceptions) ===

. do "scripts/RnR_03_fig3.do"

. // =====================================================================
. // RnR_03_fig3.do
. // ---------------------------------------------------------------------
. // PURPOSE : Figure 3 - awareness & effectiveness effects on perceptions.
. // INPUTS  : data/_analysis_data.dta
. // OUTPUTS : output/figures/fig03_perceptions.*; output/tables/fig03_results.xlsx
. // AUTHOR  : E. Keith Smith   |   DATE: 2026-09-18   |   STATA: 19.5
. // NOTE    : Run via master.do (sets wd once); relative paths only.
. // =====================================================================
. 
. // =====================================================================
. // RnR_03_fig3.do — Fig 3: effects on perceptions of voluntary measures
. // Panel A: awareness AMEs on state_y_t_info (FW akt=1 vs FW akt=0)
. // Panel B: effectiveness/feedback AMEs on state_y_t_effect (Δ within FW)
. // Also: F-test of mean change vs zero in treat_effect_3==1 (control)
. // =====================================================================
. 
. qui do "scripts/RnR_helpers.do"

. use "data/_analysis_data.dta", clear
(Public replication data - SEP Wave 12 food-waste experiment (anonymised))

. 
. local xlsx "output/tables/fig03_results.xlsx"

. capture rm "`xlsx'"

. 
. // ====================== Panel A: awareness =========================
. foreach y in vol gov busi {
  2.     quietly regress state_`y'_t_info i.treat_action_state
  3.     quietly margins, dydx(treat_action_state) post
  4.     matrix R_fig3a_`y' = r(table)
  5.     scalar N_fig3a_`y' = e(N)
  6.     est sto fig3a_`y'
  7. }

. 
. coefplot ///
>     (fig3a_vol,   recast(bar) col(sand%70)   ciopts(recast(rcap) lc(black))) ///
>     (fig3a_gov,   recast(bar) col(sienna%70) ciopts(recast(rcap) lc(black))) ///
>     (fig3a_busi,  recast(bar) col(teal%70)   ciopts(recast(rcap) lc(black))) ///
>     , vert barw(0.25) ///
>     ti("{bf:Food-waste policy}" "{bf:awareness treatment}", s(medlarge)) ///
>     yti("AME (policy info vs no info)") ///
>     xlab(0.5 " " 1.5 " ") ///
>     ylab(-.10(0.02).10, format(%3.2f)) ///
>     yli(0, lc(gs10) lp(dash)) ///
>     legend(order(2 "Voluntary measures" "are sufficient" ///
>                  4 "Government measures" "are needed" ///
>                  6 "Non-participating firms" "required to reduce waste") ///
>            pos(6) row(1) si(small)) ///
>     caption("{bf:a)}", pos(10) ring(12) size(small)) ///
>     name(fig3a, replace) nodraw

. 
. // Write Panel A numbers
. putexcel set "`xlsx'", sheet("panelA_awareness") replace
note: file will be replaced when the first putexcel command is issued.

. putexcel A1 = "Fig 3 Panel A - Awareness (Food-waste info vs no info)"
file output/tables/fig03_results.xlsx saved

. putexcel A3 = "Outcome"
file output/tables/fig03_results.xlsx saved

. putexcel B3 = "Contrast"
file output/tables/fig03_results.xlsx saved

. putexcel C3 = "AME (b)"
file output/tables/fig03_results.xlsx saved

. putexcel D3 = "SE"
file output/tables/fig03_results.xlsx saved

. putexcel E3 = "t"
file output/tables/fig03_results.xlsx saved

. putexcel F3 = "p"
file output/tables/fig03_results.xlsx saved

. putexcel G3 = "Lower 95% CI"
file output/tables/fig03_results.xlsx saved

. putexcel H3 = "Upper 95% CI"
file output/tables/fig03_results.xlsx saved

. putexcel I3 = "TOST p (SESOI=0.02)"
file output/tables/fig03_results.xlsx saved

. putexcel J3 = "Bound ruled out"
file output/tables/fig03_results.xlsx saved

. putexcel K3 = "n"
file output/tables/fig03_results.xlsx saved

. 
. local row = 4

. foreach y in vol gov busi {
  2.     matrix R = R_fig3a_`y'
  3.     local cn : colnames R
  4.     local k : list posof "2.treat_action_state" in cn
  5.     if `k' == 0 local k 1
  6.     local b  = R[1,`k']
  7.     local se = R[2,`k']
  8.     local t  = R[3,`k']
  9.     local p  = R[4,`k']
 10.     local ll = R[5,`k']
 11.     local ul = R[6,`k']
 12.     local nn = N_fig3a_`y'
 13.     tost_eq, coef(`b') se(`se') sesoi(0.02)
 14.     local tp = r(tost_p)
 15.     local eb = r(equiv_bound)
 16.     putexcel A`row' = "`y'"
 17.     putexcel B`row' = "FW info vs FW no info"
 18.     putexcel C`row' = (`b')
 19.     putexcel D`row' = (`se')
 20.     putexcel E`row' = (`t')
 21.     putexcel F`row' = (`p')
 22.     putexcel G`row' = (`ll')
 23.     putexcel H`row' = (`ul')
 24.     putexcel I`row' = (`tp')
 25.     putexcel J`row' = (`eb')
 26.     putexcel K`row' = (`nn')
 27.     local ++row
 28. }
file output/tables/fig03_results.xlsx saved
file output/tables/fig03_results.xlsx saved
file output/tables/fig03_results.xlsx saved
file output/tables/fig03_results.xlsx saved
file output/tables/fig03_results.xlsx saved
file output/tables/fig03_results.xlsx saved
file output/tables/fig03_results.xlsx saved
file output/tables/fig03_results.xlsx saved
file output/tables/fig03_results.xlsx saved
file output/tables/fig03_results.xlsx saved
file output/tables/fig03_results.xlsx saved
file output/tables/fig03_results.xlsx saved
file output/tables/fig03_results.xlsx saved
file output/tables/fig03_results.xlsx saved
file output/tables/fig03_results.xlsx saved
file output/tables/fig03_results.xlsx saved
file output/tables/fig03_results.xlsx saved
file output/tables/fig03_results.xlsx saved
file output/tables/fig03_results.xlsx saved
file output/tables/fig03_results.xlsx saved
file output/tables/fig03_results.xlsx saved
file output/tables/fig03_results.xlsx saved
file output/tables/fig03_results.xlsx saved
file output/tables/fig03_results.xlsx saved
file output/tables/fig03_results.xlsx saved
file output/tables/fig03_results.xlsx saved
file output/tables/fig03_results.xlsx saved
file output/tables/fig03_results.xlsx saved
file output/tables/fig03_results.xlsx saved
file output/tables/fig03_results.xlsx saved
file output/tables/fig03_results.xlsx saved
file output/tables/fig03_results.xlsx saved
file output/tables/fig03_results.xlsx saved

. 
. // ====================== Panel B: effectiveness/feedback ============
. foreach y in vol gov busi {
  2.     quietly regress state_`y'_t_effect b1.treat_effect_3
  3.     quietly margins, dydx(treat_effect_3) post
  4.     matrix R_fig3b_`y' = r(table)
  5.     scalar N_fig3b_`y' = e(N)
  6.     est sto fig3b_`y'
  7. }

. 
. // Layout: for each outcome, plot two bars (negative vs control, positive vs control).
. // Use coefplot with three model series (one per outcome), keeping both contrasts.
. coefplot ///
>     (fig3b_vol,  recast(bar) col(sand%70)   ciopts(recast(rcap) lc(black))) ///
>     (fig3b_gov,  recast(bar) col(sienna%70) ciopts(recast(rcap) lc(black))) ///
>     (fig3b_busi, recast(bar) col(teal%70)   ciopts(recast(rcap) lc(black))) ///
>     , vert barw(0.25) ///
>     ti("{bf:Effectiveness treatment}" "{bf:(ΔPost-Pre)}", s(medlarge)) ///
>     yti("AME (Treatments vs control (no treatment))") ///
>     coeflabels(2.treat_effect_3 = `""Will not" "achieve goal""' ///
>                3.treat_effect_3 = `""Will" "achieve goal""') ///
>     ylab(-.10(0.02).10, format(%3.2f)) ///
>     yli(0, lc(gs10) lp(dash)) ///
>     legend(order(2 "Voluntary measures" "are sufficient" ///
>                  4 "Government measures" "are needed" ///
>                  6 "Non-participating firms" "required to reduce waste") ///
>            pos(6) row(1) si(small)) ///
>     caption("{bf:b)}", pos(10) ring(12) size(small)) ///
>     name(fig3b, replace) nodraw

. 
. putexcel set "`xlsx'", sheet("panelB_effectiveness") modify

. putexcel A1 = "Fig 3 Panel B - Effectiveness/feedback AMEs on within-person Δ (Q32-Q31), FW only"
file output/tables/fig03_results.xlsx saved

. putexcel A3 = "Outcome"
file output/tables/fig03_results.xlsx saved

. putexcel B3 = "Contrast"
file output/tables/fig03_results.xlsx saved

. putexcel C3 = "AME (b)"
file output/tables/fig03_results.xlsx saved

. putexcel D3 = "SE"
file output/tables/fig03_results.xlsx saved

. putexcel E3 = "t"
file output/tables/fig03_results.xlsx saved

. putexcel F3 = "p"
file output/tables/fig03_results.xlsx saved

. putexcel G3 = "Lower 95% CI"
file output/tables/fig03_results.xlsx saved

. putexcel H3 = "Upper 95% CI"
file output/tables/fig03_results.xlsx saved

. putexcel I3 = "TOST p (SESOI=0.02)"
file output/tables/fig03_results.xlsx saved

. putexcel J3 = "Bound ruled out"
file output/tables/fig03_results.xlsx saved

. putexcel K3 = "n"
file output/tables/fig03_results.xlsx saved

. 
. local row = 4

. foreach y in vol gov busi {
  2.     matrix R = R_fig3b_`y'
  3.     local cn : colnames R
  4.     foreach con in 2 3 {
  5.         local k : list posof "`con'.treat_effect_3" in cn
  6.         local b  = R[1,`k']
  7.         local se = R[2,`k']
  8.         local t  = R[3,`k']
  9.         local p  = R[4,`k']
 10.         local ll = R[5,`k']
 11.         local ul = R[6,`k']
 12.         local nn = N_fig3b_`y'
 13.         tost_eq, coef(`b') se(`se') sesoi(0.02)
 14.         local tp = r(tost_p)
 15.         local eb = r(equiv_bound)
 16.         local clabel = cond(`con'==2, "Will not achieve goal vs no-frame", "Will achieve goal vs no-frame")
 17.         putexcel A`row' = "`y'"
 18.         putexcel B`row' = "`clabel'"
 19.         putexcel C`row' = (`b')
 20.         putexcel D`row' = (`se')
 21.         putexcel E`row' = (`t')
 22.         putexcel F`row' = (`p')
 23.         putexcel G`row' = (`ll')
 24.         putexcel H`row' = (`ul')
 25.         putexcel I`row' = (`tp')
 26.         putexcel J`row' = (`eb')
 27.         putexcel K`row' = (`nn')
 28.         local ++row
 29.     }
 30. }
file output/tables/fig03_results.xlsx saved
file output/tables/fig03_results.xlsx saved
file output/tables/fig03_results.xlsx saved
file output/tables/fig03_results.xlsx saved
file output/tables/fig03_results.xlsx saved
file output/tables/fig03_results.xlsx saved
file output/tables/fig03_results.xlsx saved
file output/tables/fig03_results.xlsx saved
file output/tables/fig03_results.xlsx saved
file output/tables/fig03_results.xlsx saved
file output/tables/fig03_results.xlsx saved
file output/tables/fig03_results.xlsx saved
file output/tables/fig03_results.xlsx saved
file output/tables/fig03_results.xlsx saved
file output/tables/fig03_results.xlsx saved
file output/tables/fig03_results.xlsx saved
file output/tables/fig03_results.xlsx saved
file output/tables/fig03_results.xlsx saved
file output/tables/fig03_results.xlsx saved
file output/tables/fig03_results.xlsx saved
file output/tables/fig03_results.xlsx saved
file output/tables/fig03_results.xlsx saved
file output/tables/fig03_results.xlsx saved
file output/tables/fig03_results.xlsx saved
file output/tables/fig03_results.xlsx saved
file output/tables/fig03_results.xlsx saved
file output/tables/fig03_results.xlsx saved
file output/tables/fig03_results.xlsx saved
file output/tables/fig03_results.xlsx saved
file output/tables/fig03_results.xlsx saved
file output/tables/fig03_results.xlsx saved
file output/tables/fig03_results.xlsx saved
file output/tables/fig03_results.xlsx saved
file output/tables/fig03_results.xlsx saved
file output/tables/fig03_results.xlsx saved
file output/tables/fig03_results.xlsx saved
file output/tables/fig03_results.xlsx saved
file output/tables/fig03_results.xlsx saved
file output/tables/fig03_results.xlsx saved
file output/tables/fig03_results.xlsx saved
file output/tables/fig03_results.xlsx saved
file output/tables/fig03_results.xlsx saved
file output/tables/fig03_results.xlsx saved
file output/tables/fig03_results.xlsx saved
file output/tables/fig03_results.xlsx saved
file output/tables/fig03_results.xlsx saved
file output/tables/fig03_results.xlsx saved
file output/tables/fig03_results.xlsx saved
file output/tables/fig03_results.xlsx saved
file output/tables/fig03_results.xlsx saved
file output/tables/fig03_results.xlsx saved
file output/tables/fig03_results.xlsx saved
file output/tables/fig03_results.xlsx saved
file output/tables/fig03_results.xlsx saved
file output/tables/fig03_results.xlsx saved
file output/tables/fig03_results.xlsx saved
file output/tables/fig03_results.xlsx saved
file output/tables/fig03_results.xlsx saved
file output/tables/fig03_results.xlsx saved
file output/tables/fig03_results.xlsx saved
file output/tables/fig03_results.xlsx saved
file output/tables/fig03_results.xlsx saved
file output/tables/fig03_results.xlsx saved
file output/tables/fig03_results.xlsx saved
file output/tables/fig03_results.xlsx saved
file output/tables/fig03_results.xlsx saved

. 
. // ====================== F-test: mean change vs zero, control arm =====
. putexcel set "`xlsx'", sheet("controlArm_meanChange") modify

. putexcel A1 = "Mean within-person change in perceptions (Δ Q32-Q31) within control arm (treat_effect_3==1, no effectiv
> eness frame)"
file output/tables/fig03_results.xlsx saved

. putexcel A3 = "Outcome"
file output/tables/fig03_results.xlsx saved

. putexcel B3 = "Mean Δ"
file output/tables/fig03_results.xlsx saved

. putexcel C3 = "SE"
file output/tables/fig03_results.xlsx saved

. putexcel D3 = "t"
file output/tables/fig03_results.xlsx saved

. putexcel E3 = "df"
file output/tables/fig03_results.xlsx saved

. putexcel F3 = "p (H0: Δ=0)"
file output/tables/fig03_results.xlsx saved

. putexcel G3 = "n"
file output/tables/fig03_results.xlsx saved

. local row = 4

. foreach y in vol gov busi {
  2.     quietly ttest state_`y'_t_effect == 0 if treat_effect_3 == 1
  3.     putexcel A`row' = "`y'"
  4.     putexcel B`row' = (r(mu_1))
  5.     putexcel C`row' = (r(sd)/sqrt(r(N_1)))
  6.     putexcel D`row' = (r(t))
  7.     putexcel E`row' = (r(df_t))
  8.     putexcel F`row' = (r(p))
  9.     putexcel G`row' = (r(N_1))
 10.     local ++row
 11. }
file output/tables/fig03_results.xlsx saved
file output/tables/fig03_results.xlsx saved
file output/tables/fig03_results.xlsx saved
file output/tables/fig03_results.xlsx saved
file output/tables/fig03_results.xlsx saved
file output/tables/fig03_results.xlsx saved
file output/tables/fig03_results.xlsx saved
file output/tables/fig03_results.xlsx saved
file output/tables/fig03_results.xlsx saved
file output/tables/fig03_results.xlsx saved
file output/tables/fig03_results.xlsx saved
file output/tables/fig03_results.xlsx saved
file output/tables/fig03_results.xlsx saved
file output/tables/fig03_results.xlsx saved
file output/tables/fig03_results.xlsx saved
file output/tables/fig03_results.xlsx saved
file output/tables/fig03_results.xlsx saved
file output/tables/fig03_results.xlsx saved
file output/tables/fig03_results.xlsx saved
file output/tables/fig03_results.xlsx saved
file output/tables/fig03_results.xlsx saved

. 
. // ====================== Combine and export =========================
. graph combine fig3a fig3b, col(2) xsize(8) ysize(4) name(fig3, replace)

. gr export "output/figures/fig03_perceptions.pdf", as(pdf) name("fig3") replace
file output/figures/fig03_perceptions.pdf saved as PDF format

. gr export "output/figures/fig03_perceptions.png", as(png) name("fig3") replace
(file output/figures/fig03_perceptions.png not found)
file output/figures/fig03_perceptions.png written in PNG format

. 
. di as txt _n "==> Fig 3 + tables written."

==> Fig 3 + tables written.

. 
end of do-file

. 
. di as txt _n "=== Step 4: Figure 4 (policy support) ==="

=== Step 4: Figure 4 (policy support) ===

. do "scripts/RnR_04_fig4.do"

. // =====================================================================
. // RnR_04_fig4.do
. // ---------------------------------------------------------------------
. // PURPOSE : Figure 4 - awareness & effectiveness effects on policy support.
. // INPUTS  : data/_analysis_data.dta
. // OUTPUTS : output/figures/fig04_policy_support.*; output/tables/fig04_results.xlsx
. // AUTHOR  : E. Keith Smith   |   DATE: 2026-09-18   |   STATA: 19.5
. // NOTE    : Run via master.do (sets wd once); relative paths only.
. // =====================================================================
. 
. // =====================================================================
. // RnR_04_fig4.do — Fig 4: effects on demand for stronger policy
. // Panel A: awareness AMEs on pol_supp_y_t_info (burden vs FW no-frame)
. //   for y in {info, tax, mandate}. n ≈ 3,295 vs ~1,110
. // Panel B: feedback AMEs on pol_supp_y_t_effect (within FW, b1.treat_effect)
. //   y in {info, tax, mandate}
. // =====================================================================
. 
. qui do "scripts/RnR_helpers.do"

. use "data/_analysis_data.dta", clear
(Public replication data - SEP Wave 12 food-waste experiment (anonymised))

. 
. local xlsx "output/tables/fig04_results.xlsx"

. capture rm "`xlsx'"

. 
. // ====================== Panel A: awareness on policy support =======
. foreach y in info tax mandate {
  2.     quietly regress pol_supp_`y'_t_info i.treat_action_policy
  3.     quietly margins, dydx(treat_action_policy) post
  4.     matrix R_fig4a_`y' = r(table)
  5.     scalar N_fig4a_`y' = e(N)
  6.     est sto fig4a_`y'
  7. }

. 
. coefplot ///
>     (fig4a_info,    recast(bar) col(edkblue%70)     ciopts(recast(rcap) lc(black))) ///
>     (fig4a_tax,     recast(bar) col(forest_green%70) ciopts(recast(rcap) lc(black))) ///
>     (fig4a_mandate, recast(bar) col(maroon%70)      ciopts(recast(rcap) lc(black))) ///
>     , vert barw(0.25) ///
>     ti("{bf:Food-waste policy}" "{bf:awareness treatment}", s(medlarge)) ///
>     yti("AME (policy info vs no info)") ///
>     xlab(0.5 " " 1.5 " ") ///
>     ylab(-.10(0.02).10, format(%3.2f)) ///
>     yli(0, lc(gs10) lp(dash)) ///
>     legend(order(2 "Information" "& Disclosures" ///
>                  4 "Taxes" "& Charges" ///
>                  6 "Mandates" "& Obligations") ///
>            pos(6) row(1) si(small)) ///
>     caption("{bf:a)}", pos(10) ring(12) size(small)) ///
>     name(fig4a, replace) nodraw

. 
. putexcel set "`xlsx'", sheet("panelA_awareness") replace
note: file will be replaced when the first putexcel command is issued.

. putexcel A1 = "Fig 4 Panel A - Awareness (FW info vs burden) on policy support"
file output/tables/fig04_results.xlsx saved

. putexcel A3 = "Outcome"
file output/tables/fig04_results.xlsx saved

. putexcel B3 = "Contrast"
file output/tables/fig04_results.xlsx saved

. putexcel C3 = "AME (b)"
file output/tables/fig04_results.xlsx saved

. putexcel D3 = "SE"
file output/tables/fig04_results.xlsx saved

. putexcel E3 = "t"
file output/tables/fig04_results.xlsx saved

. putexcel F3 = "p"
file output/tables/fig04_results.xlsx saved

. putexcel G3 = "Lower 95% CI"
file output/tables/fig04_results.xlsx saved

. putexcel H3 = "Upper 95% CI"
file output/tables/fig04_results.xlsx saved

. putexcel I3 = "TOST p (SESOI=0.02)"
file output/tables/fig04_results.xlsx saved

. putexcel J3 = "Bound ruled out"
file output/tables/fig04_results.xlsx saved

. putexcel K3 = "n"
file output/tables/fig04_results.xlsx saved

. 
. local row = 4

. foreach y in info tax mandate {
  2.     matrix R = R_fig4a_`y'
  3.     local cn : colnames R
  4.     local k : list posof "1.treat_action_policy" in cn
  5.     if `k' == 0 local k 1
  6.     local b  = R[1,`k']
  7.     local se = R[2,`k']
  8.     local t  = R[3,`k']
  9.     local p  = R[4,`k']
 10.     local ll = R[5,`k']
 11.     local ul = R[6,`k']
 12.     local nn = N_fig4a_`y'
 13.     tost_eq, coef(`b') se(`se') sesoi(0.02)
 14.     local tp = r(tost_p)
 15.     local eb = r(equiv_bound)
 16.     putexcel A`row' = "`y'"
 17.     putexcel B`row' = "FW info vs burden"
 18.     putexcel C`row' = (`b')
 19.     putexcel D`row' = (`se')
 20.     putexcel E`row' = (`t')
 21.     putexcel F`row' = (`p')
 22.     putexcel G`row' = (`ll')
 23.     putexcel H`row' = (`ul')
 24.     putexcel I`row' = (`tp')
 25.     putexcel J`row' = (`eb')
 26.     putexcel K`row' = (`nn')
 27.     local ++row
 28. }
file output/tables/fig04_results.xlsx saved
file output/tables/fig04_results.xlsx saved
file output/tables/fig04_results.xlsx saved
file output/tables/fig04_results.xlsx saved
file output/tables/fig04_results.xlsx saved
file output/tables/fig04_results.xlsx saved
file output/tables/fig04_results.xlsx saved
file output/tables/fig04_results.xlsx saved
file output/tables/fig04_results.xlsx saved
file output/tables/fig04_results.xlsx saved
file output/tables/fig04_results.xlsx saved
file output/tables/fig04_results.xlsx saved
file output/tables/fig04_results.xlsx saved
file output/tables/fig04_results.xlsx saved
file output/tables/fig04_results.xlsx saved
file output/tables/fig04_results.xlsx saved
file output/tables/fig04_results.xlsx saved
file output/tables/fig04_results.xlsx saved
file output/tables/fig04_results.xlsx saved
file output/tables/fig04_results.xlsx saved
file output/tables/fig04_results.xlsx saved
file output/tables/fig04_results.xlsx saved
file output/tables/fig04_results.xlsx saved
file output/tables/fig04_results.xlsx saved
file output/tables/fig04_results.xlsx saved
file output/tables/fig04_results.xlsx saved
file output/tables/fig04_results.xlsx saved
file output/tables/fig04_results.xlsx saved
file output/tables/fig04_results.xlsx saved
file output/tables/fig04_results.xlsx saved
file output/tables/fig04_results.xlsx saved
file output/tables/fig04_results.xlsx saved
file output/tables/fig04_results.xlsx saved

. 
. // ====================== Panel B: effectiveness on policy support ====
. // Use b1.treat_effect: reference is "FW no-frame" (treat_effect==1).
. // Missingness restricts to FW. Contrasts: 2 vs 1, 3 vs 1.
. foreach y in info tax mandate {
  2.     quietly regress pol_supp_`y'_t_effect b1.treat_effect
  3.     quietly margins, dydx(treat_effect) post
  4.     matrix R_fig4b_`y' = r(table)
  5.     scalar N_fig4b_`y' = e(N)
  6.     est sto fig4b_`y'
  7. }

. 
. coefplot ///
>     (fig4b_info,    recast(bar) col(edkblue%70)     ciopts(recast(rcap) lc(black))) ///
>     (fig4b_tax,     recast(bar) col(forest_green%70) ciopts(recast(rcap) lc(black))) ///
>     (fig4b_mandate, recast(bar) col(maroon%70)      ciopts(recast(rcap) lc(black))) ///
>     , vert barw(0.25) ///
>     keep(2.treat_effect 3.treat_effect) ///
>     ti("{bf:Effectiveness treatment}" "{bf:(Δbetween)}", s(medlarge)) ///
>     yti("AME (Treatments vs control (no treatment))") ///
>     coeflabels(2.treat_effect = `""Will not" "achieve goal""' ///
>                3.treat_effect = `""Will" "achieve goal""') ///
>     ylab(-.10(0.02).10, format(%3.2f)) ///
>     yli(0, lc(gs10) lp(dash)) ///
>     legend(order(2 "Information" "& Disclosures" ///
>                  4 "Taxes" "& Charges" ///
>                  6 "Mandates" "& Obligations") ///
>            pos(6) row(1) si(small)) ///
>     caption("{bf:b)}", pos(10) ring(12) size(small)) ///
>     name(fig4b, replace) nodraw

. 
. putexcel set "`xlsx'", sheet("panelB_effectiveness") modify

. putexcel A1 = "Fig 4 Panel B - Effectiveness (vs FW no-frame) on policy support, FW only"
file output/tables/fig04_results.xlsx saved

. putexcel A3 = "Outcome"
file output/tables/fig04_results.xlsx saved

. putexcel B3 = "Contrast"
file output/tables/fig04_results.xlsx saved

. putexcel C3 = "AME (b)"
file output/tables/fig04_results.xlsx saved

. putexcel D3 = "SE"
file output/tables/fig04_results.xlsx saved

. putexcel E3 = "t"
file output/tables/fig04_results.xlsx saved

. putexcel F3 = "p"
file output/tables/fig04_results.xlsx saved

. putexcel G3 = "Lower 95% CI"
file output/tables/fig04_results.xlsx saved

. putexcel H3 = "Upper 95% CI"
file output/tables/fig04_results.xlsx saved

. putexcel I3 = "TOST p (SESOI=0.02)"
file output/tables/fig04_results.xlsx saved

. putexcel J3 = "Bound ruled out"
file output/tables/fig04_results.xlsx saved

. putexcel K3 = "n"
file output/tables/fig04_results.xlsx saved

. 
. local row = 4

. foreach y in info tax mandate {
  2.     matrix R = R_fig4b_`y'
  3.     local cn : colnames R
  4.     foreach con in 2 3 {
  5.         local k : list posof "`con'.treat_effect" in cn
  6.         local b  = R[1,`k']
  7.         local se = R[2,`k']
  8.         local t  = R[3,`k']
  9.         local p  = R[4,`k']
 10.         local ll = R[5,`k']
 11.         local ul = R[6,`k']
 12.         local nn = N_fig4b_`y'
 13.         tost_eq, coef(`b') se(`se') sesoi(0.02)
 14.         local tp = r(tost_p)
 15.         local eb = r(equiv_bound)
 16.         local clabel = cond(`con'==2, "Will not achieve goal vs no-frame", "Will achieve goal vs no-frame")
 17.         putexcel A`row' = "`y'"
 18.         putexcel B`row' = "`clabel'"
 19.         putexcel C`row' = (`b')
 20.         putexcel D`row' = (`se')
 21.         putexcel E`row' = (`t')
 22.         putexcel F`row' = (`p')
 23.         putexcel G`row' = (`ll')
 24.         putexcel H`row' = (`ul')
 25.         putexcel I`row' = (`tp')
 26.         putexcel J`row' = (`eb')
 27.         putexcel K`row' = (`nn')
 28.         local ++row
 29.     }
 30. }
file output/tables/fig04_results.xlsx saved
file output/tables/fig04_results.xlsx saved
file output/tables/fig04_results.xlsx saved
file output/tables/fig04_results.xlsx saved
file output/tables/fig04_results.xlsx saved
file output/tables/fig04_results.xlsx saved
file output/tables/fig04_results.xlsx saved
file output/tables/fig04_results.xlsx saved
file output/tables/fig04_results.xlsx saved
file output/tables/fig04_results.xlsx saved
file output/tables/fig04_results.xlsx saved
file output/tables/fig04_results.xlsx saved
file output/tables/fig04_results.xlsx saved
file output/tables/fig04_results.xlsx saved
file output/tables/fig04_results.xlsx saved
file output/tables/fig04_results.xlsx saved
file output/tables/fig04_results.xlsx saved
file output/tables/fig04_results.xlsx saved
file output/tables/fig04_results.xlsx saved
file output/tables/fig04_results.xlsx saved
file output/tables/fig04_results.xlsx saved
file output/tables/fig04_results.xlsx saved
file output/tables/fig04_results.xlsx saved
file output/tables/fig04_results.xlsx saved
file output/tables/fig04_results.xlsx saved
file output/tables/fig04_results.xlsx saved
file output/tables/fig04_results.xlsx saved
file output/tables/fig04_results.xlsx saved
file output/tables/fig04_results.xlsx saved
file output/tables/fig04_results.xlsx saved
file output/tables/fig04_results.xlsx saved
file output/tables/fig04_results.xlsx saved
file output/tables/fig04_results.xlsx saved
file output/tables/fig04_results.xlsx saved
file output/tables/fig04_results.xlsx saved
file output/tables/fig04_results.xlsx saved
file output/tables/fig04_results.xlsx saved
file output/tables/fig04_results.xlsx saved
file output/tables/fig04_results.xlsx saved
file output/tables/fig04_results.xlsx saved
file output/tables/fig04_results.xlsx saved
file output/tables/fig04_results.xlsx saved
file output/tables/fig04_results.xlsx saved
file output/tables/fig04_results.xlsx saved
file output/tables/fig04_results.xlsx saved
file output/tables/fig04_results.xlsx saved
file output/tables/fig04_results.xlsx saved
file output/tables/fig04_results.xlsx saved
file output/tables/fig04_results.xlsx saved
file output/tables/fig04_results.xlsx saved
file output/tables/fig04_results.xlsx saved
file output/tables/fig04_results.xlsx saved
file output/tables/fig04_results.xlsx saved
file output/tables/fig04_results.xlsx saved
file output/tables/fig04_results.xlsx saved
file output/tables/fig04_results.xlsx saved
file output/tables/fig04_results.xlsx saved
file output/tables/fig04_results.xlsx saved
file output/tables/fig04_results.xlsx saved
file output/tables/fig04_results.xlsx saved
file output/tables/fig04_results.xlsx saved
file output/tables/fig04_results.xlsx saved
file output/tables/fig04_results.xlsx saved
file output/tables/fig04_results.xlsx saved
file output/tables/fig04_results.xlsx saved
file output/tables/fig04_results.xlsx saved

. 
. // ====================== Combine and export =========================
. graph combine fig4a fig4b, col(2) xsize(8) ysize(4) name(fig4, replace)

. gr export "output/figures/fig04_policy_support.pdf", as(pdf) name("fig4") replace
file output/figures/fig04_policy_support.pdf saved as PDF format

. gr export "output/figures/fig04_policy_support.png", as(png) name("fig4") replace
(file output/figures/fig04_policy_support.png not found)
file output/figures/fig04_policy_support.png written in PNG format

. 
. di as txt _n "==> Fig 4 + tables written."

==> Fig 4 + tables written.

. 
end of do-file

. 
. di as txt _n "=== Step 5: Figure 5 (priorities) ==="

=== Step 5: Figure 5 (priorities) ===

. do "scripts/RnR_05_fig5.do"

. // =====================================================================
. // RnR_05_fig5.do
. // ---------------------------------------------------------------------
. // PURPOSE : Figure 5 - top-ranked policy priorities (distribution + mlogit AMEs).
. // INPUTS  : data/_analysis_data.dta
. // OUTPUTS : output/figures/fig05_priorities.*; output/tables/fig05_results.xlsx
. // AUTHOR  : E. Keith Smith   |   DATE: 2026-09-18   |   STATA: 19.5
. // NOTE    : Run via master.do (sets wd once); relative paths only.
. // =====================================================================
. 
. // =====================================================================
. // RnR_05_fig5.do — Fig 5: priorities
. // Panel A: distribution of top_pref within treat_effect==1 (FW no-frame), ~1,110
. // Panel B: mlogit top_pref b1.treat_effect_3 + margins(dydx) — FW only
. // =====================================================================
. 
. qui do "scripts/RnR_helpers.do"

. use "data/_analysis_data.dta", clear
(Public replication data - SEP Wave 12 food-waste experiment (anonymised))

. 
. local xlsx "output/tables/fig05_results.xlsx"

. capture rm "`xlsx'"

. 
. // ====================== Panel A: distribution =====================
. catplot if treat_effect==1, over(top_pref) percent vert ///
>     asyvars ///
>     bar(1, color(navy)) ///
>     bar(2, color(maroon)) ///
>     bar(3, color(forest_green)) ///
>     bar(4, color(sand)) ///
>     ylab(0(20)100, format(%3.1f) gmax labs(small)) ///
>     yti("Percent") ///
>     blabel(bar, pos(north) format(%3.1f) s(small)) ///
>     leg(order(1 "Information" "& Disclosures" ///
>               2 "Taxes" "& Charges" ///
>               3 "Mandates" "& Obligations" ///
>               4 "Continue voluntary" "action plan") ///
>         row(1) pos(6) si(small)) ///
>         fxsize(80) fysize(60) /// 
>     caption("{bf:a)}", pos(10) ring(12) size(vsmall)) ///
>     name(fig5a, replace) nodraw
(note:  named style north not found in class barlabelpos, default attributes used)
(note:  barlabelpos not found in scheme, default attributes used)

. 
. // Underlying numbers for Panel A
. putexcel set "`xlsx'", sheet("panelA_distribution") replace
note: file will be replaced when the first putexcel command is issued.

. putexcel A1 = "Fig 5 Panel A - top_pref distribution within FW no-frame arm (treat_effect==1)"
file output/tables/fig05_results.xlsx saved

. putexcel A3 = "Category"
file output/tables/fig05_results.xlsx saved

. putexcel B3 = "Label"
file output/tables/fig05_results.xlsx saved

. putexcel C3 = "Count"
file output/tables/fig05_results.xlsx saved

. putexcel D3 = "Percent"
file output/tables/fig05_results.xlsx saved

. putexcel E3 = "Total n"
file output/tables/fig05_results.xlsx saved

. 
. quietly count if treat_effect==1 & !missing(top_pref)

. scalar fig5_total = r(N)

. local row = 4

. local labels `" "Information & Disclosures" "Taxes & Charges" "Mandates & Obligations" "Continue voluntary action plan
> " "'

. forvalues k = 1/4 {
  2.     local lab : word `k' of `labels'
  3.     quietly count if treat_effect==1 & top_pref==`k'
  4.     local cnt = r(N)
  5.     local pct = 100 * `cnt' / fig5_total
  6.     putexcel A`row' = (`k')
  7.     putexcel B`row' = "`lab'"
  8.     putexcel C`row' = (`cnt')
  9.     putexcel D`row' = (`pct')
 10.     putexcel E`row' = (fig5_total)
 11.     local ++row
 12. }
file output/tables/fig05_results.xlsx saved
file output/tables/fig05_results.xlsx saved
file output/tables/fig05_results.xlsx saved
file output/tables/fig05_results.xlsx saved
file output/tables/fig05_results.xlsx saved
file output/tables/fig05_results.xlsx saved
file output/tables/fig05_results.xlsx saved
file output/tables/fig05_results.xlsx saved
file output/tables/fig05_results.xlsx saved
file output/tables/fig05_results.xlsx saved
file output/tables/fig05_results.xlsx saved
file output/tables/fig05_results.xlsx saved
file output/tables/fig05_results.xlsx saved
file output/tables/fig05_results.xlsx saved
file output/tables/fig05_results.xlsx saved
file output/tables/fig05_results.xlsx saved
file output/tables/fig05_results.xlsx saved
file output/tables/fig05_results.xlsx saved
file output/tables/fig05_results.xlsx saved
file output/tables/fig05_results.xlsx saved

. 
. // ====================== Panel B: mlogit margins ===================
. quietly mlogit top_pref b1.treat_effect_3

. margins, dydx(treat_effect_3) post

Conditional marginal effects                             Number of obs = 3,145
Model VCE: OIM

dy/dx wrt: 2.treat_effect_3 3.treat_effect_3

1._predict: Pr(top_pref==Information___Disclosures), predict(pr outcome(1))
2._predict: Pr(top_pref==Taxes___Charges), predict(pr outcome(2))
3._predict: Pr(top_pref==Mandates___Obligations), predict(pr outcome(3))
4._predict: Pr(top_pref==Continue_voluntary_action_plan), predict(pr outcome(4))

-----------------------------------------------------------------------------------
                  |            Delta-method
                  |      dy/dx   std. err.      z    P>|z|     [95% conf. interval]
------------------+----------------------------------------------------------------
1.treat_effect_3  |  (base outcome)
------------------+----------------------------------------------------------------
2.treat_effect_3  |
         _predict |
               1  |   .0100289   .0215692     0.46   0.642    -.0322461    .0523038
               2  |   .0205733   .0144494     1.42   0.155    -.0077471    .0488937
               3  |  -.0261186   .0207788    -1.26   0.209    -.0668442     .014607
               4  |  -.0044835   .0130181    -0.34   0.731    -.0299986    .0210316
------------------+----------------------------------------------------------------
3.treat_effect_3  |
         _predict |
               1  |  -.0060031   .0215304    -0.28   0.780    -.0482018    .0361957
               2  |  -.0049472   .0138076    -0.36   0.720    -.0320096    .0221151
               3  |  -.0385873   .0206953    -1.86   0.062    -.0791493    .0019747
               4  |   .0495376   .0144476     3.43   0.001     .0212207    .0778544
-----------------------------------------------------------------------------------
Note: dy/dx for factor levels is the discrete change from the base level.

. matrix R_fig5b = r(table)

. scalar N_fig5b = e(N)

. est sto effect_top_pref

. 
. coefplot ///
>     (effect_top_pref, ///
>         keep(*:1._predict) label("Information" "& Disclosures") ///
>         mc(navy) ms(Oh) msize(medium) ///
>         ciopts(lc(navy) recast(rcap))) ///
>     (effect_top_pref, ///
>         keep(*:2._predict) label("Taxes" "& Charges") ///
>         mc(maroon) ms(Dh) msize(medium) ///
>         ciopts(lc(maroon) recast(rcap))) ///
>     (effect_top_pref, ///
>         keep(*:3._predict) label("Mandates" "& Obligations") ///
>         mc(forest_green) ms(Sh) msize(medium) ///
>         ciopts(lc(forest_green) recast(rcap))) ///
>     (effect_top_pref, ///
>         keep(*:4._predict) label("Continue voluntary" "action plan") ///
>         mc(sand) ms(Th) msize(medium) ///
>         ciopts(lc(sand) recast(rcap))) ///
>     , swapnames ///
>     xline(0) xla(-0.10(0.05)0.10, format(%3.2f)) ///
>     coeflabels(2.treat_effect_3 = "Will Not Achieve Goal" ///
>                3.treat_effect_3 = "Will Achieve Goal") ///
>     xti("AME (Treatments vs control (no treatment))") ///
>     legend(rows(1) pos(6)) ///
>     caption("{bf:b)}", pos(10) ring(12) size(vsmall)) ///
>     name(fig5b, replace) nodraw

. 
. // Underlying numbers for Panel B
. putexcel set "`xlsx'", sheet("panelB_mlogit_AMEs") modify

. putexcel A1 = "Fig 5 Panel B - mlogit AMEs of treat_effect_3 (b1 reference) on top_pref, FW only"
file output/tables/fig05_results.xlsx saved

. putexcel A3 = "Predicted category"
file output/tables/fig05_results.xlsx saved

. putexcel B3 = "Contrast (treat_effect_3 vs no-frame)"
file output/tables/fig05_results.xlsx saved

. putexcel C3 = "AME (b)"
file output/tables/fig05_results.xlsx saved

. putexcel D3 = "SE"
file output/tables/fig05_results.xlsx saved

. putexcel E3 = "t"
file output/tables/fig05_results.xlsx saved

. putexcel F3 = "p"
file output/tables/fig05_results.xlsx saved

. putexcel G3 = "Lower 95% CI"
file output/tables/fig05_results.xlsx saved

. putexcel H3 = "Upper 95% CI"
file output/tables/fig05_results.xlsx saved

. putexcel I3 = "TOST p (SESOI=0.02)"
file output/tables/fig05_results.xlsx saved

. putexcel J3 = "Bound ruled out"
file output/tables/fig05_results.xlsx saved

. putexcel K3 = "n"
file output/tables/fig05_results.xlsx saved

. 
. local catlab1 "Information & Disclosures"

. local catlab2 "Taxes & Charges"

. local catlab3 "Mandates & Obligations"

. local catlab4 "Continue voluntary action plan"

. local row = 4

. 
. matrix R = R_fig5b

. local cn : colnames R

. foreach c of numlist 1/4 {
  2.     foreach e in 2 3 {
  3.         // mlogit margins, dydx() colnames look like "1.predict:2.treat_effect_3" or
.         // "2#3" — let's search the colnames for tokens matching the pattern.
.         local name1 "`c'._predict:`e'.treat_effect_3"
  4.         local name2 "`e'.treat_effect_3:`c'._predict"
  5.         local k1 : list posof "`name1'" in cn
  6.         local k2 : list posof "`name2'" in cn
  7.         local k = max(`k1', `k2')
  8.         if `k' == 0 continue
  9.         local b  = R[1,`k']
 10.         local se = R[2,`k']
 11.         local t  = R[3,`k']
 12.         local p  = R[4,`k']
 13.         local ll = R[5,`k']
 14.         local ul = R[6,`k']
 15.         tost_eq, coef(`b') se(`se') sesoi(0.02)
 16.         local tp = r(tost_p)
 17.         local eb = r(equiv_bound)
 18.         local clab = cond(`e'==2, "Will not achieve goal vs no-frame", "Will achieve goal vs no-frame")
 19.         putexcel A`row' = "`catlab`c''"
 20.         putexcel B`row' = "`clab'"
 21.         putexcel C`row' = (`b')
 22.         putexcel D`row' = (`se')
 23.         putexcel E`row' = (`t')
 24.         putexcel F`row' = (`p')
 25.         putexcel G`row' = (`ll')
 26.         putexcel H`row' = (`ul')
 27.         putexcel I`row' = (`tp')
 28.         putexcel J`row' = (`eb')
 29.         putexcel K`row' = (N_fig5b)
 30.         local ++row
 31.     }
 32. }

. 
. // Diagnostic: print actual column names for Panel B in case the heuristic missed
. di as txt "Panel B mlogit margins colnames:"
Panel B mlogit margins colnames:

. matrix list R_fig5b, noheader

         1b.treat_~3:  1b.treat_~3:  1b.treat_~3:  1b.treat_~3:  2.treat_e~3:  2.treat_e~3:  2.treat_e~3:  2.treat_e~3:
                  1o.           2o.           3o.           4o.            1.            2.            3.            4.
            _predict      _predict      _predict      _predict      _predict      _predict      _predict      _predict
     b             0             0             0             0     .01002885     .02057326    -.02611861     -.0044835
    se             .             .             .             .     .02156925     .01444945     .02077875     .01301815
     z             .             .             .             .     .46496069     1.4238092    -1.2569867    -.34440362
pvalue             .             .             .             .     .64195961     .15450171     .20875845     .73054277
    ll             .             .             .             .     -.0322461    -.00774714    -.06684422     -.0299986
    ul             .             .             .             .      .0523038     .04889366     .01460699     .02103161
    df             .             .             .             .             .             .             .             .
  crit      1.959964      1.959964      1.959964      1.959964      1.959964      1.959964      1.959964      1.959964
 eform             0             0             0             0             0             0             0             0

         3.treat_e~3:  3.treat_e~3:  3.treat_e~3:  3.treat_e~3:
                   1.            2.            3.            4.
            _predict      _predict      _predict      _predict
     b    -.00600307    -.00494723    -.03858728     .04953758
    se     .02153036     .01380758     .02069527     .01444764
     z    -.27881906    -.35829782    -1.8645457     3.4287662
pvalue     .78038369     .72012045     .06224511     .00060633
    ll     -.0482018    -.03200959    -.07914926     .02122073
    ul     .03619565     .02211514     .00197471     .07785443
    df             .             .             .             .
  crit      1.959964      1.959964      1.959964      1.959964
 eform             0             0             0             0

. 
. // ====================== Combine and export =========================
. grc1leg2 fig5a fig5b, ///
>     ti("{bf:Priority of food-waste policies}") ///
>     subti("{it:After food-waste policy awareness treatment}", s(small)) ///
>     xsize(8) name(fig5, replace)
-grc1leg2- working...
(note:  named style north not found in class barlabelpos, default attributes used)
(note:  barlabelpos not found in scheme, default attributes used)

. gr export "output/figures/fig05_priorities.pdf", as(pdf) name("fig5") replace
file output/figures/fig05_priorities.pdf saved as PDF format

. gr export "output/figures/fig05_priorities.png", as(png) name("fig5") replace
(file output/figures/fig05_priorities.png not found)
file output/figures/fig05_priorities.png written in PNG format

. 
. di as txt _n "==> Fig 5 + tables written."

==> Fig 5 + tables written.

. 
end of do-file

. 
. di as txt _n "=== Step 6: corrections (BKY q-values + Lin robustness; Tables A2/A4/A5) ==="

=== Step 6: corrections (BKY q-values + Lin robustness; Tables A2/A4/A5) ===

. do "scripts/RnR_07_corrections.do"

. // =====================================================================
. // RnR_07_corrections.do
. // ---------------------------------------------------------------------
. // PURPOSE : BKY sharpened q-values (Tables A4/A5 inputs) + Lin-adjusted robustness (Table A2).
. // INPUTS  : data/_analysis_data.dta
. // OUTPUTS : output/tables/fig03_results.xlsx & fig04_results.xlsx (BKY sheets); output/tables/tableA2_lin_adjustment.
> xlsx
. // AUTHOR  : E. Keith Smith   |   DATE: 2026-09-18   |   STATA: 19.5
. // NOTE    : Run via master.do (sets wd once); relative paths only.
. // =====================================================================
. 
. // =====================================================================
. // RnR_07_corrections.do
. // (1) Sharpened BKY q-values across primary outcomes within Fig 3 and Fig 4
. // (2) Lin-style covariate adjustment as a robustness check for SI
. //     (treatment × demeaned female/educ/income/diet/env_att/poli_ori/ins_trust)
. // =====================================================================
. 
. qui do "scripts/RnR_helpers.do"

. use "data/_analysis_data.dta", clear
(Public replication data - SEP Wave 12 food-waste experiment (anonymised))

. 
. // =====================================================================
. // (1) Sharpened BKY q-values
. // =====================================================================
. 
. // ---------- Fig 3: collect p-values, compute q-values ----------
. preserve

. clear

. set obs 9
Number of observations (_N) was 0, now 9.

. gen str10 outcome = ""
(9 missing values generated)

. gen str40 contrast = ""
(9 missing values generated)

. gen double pval = .
(9 missing values generated)

. restore

. 
. tempfile fig3_pvals

. preserve

. clear

. set obs 0
Number of observations (_N) was 0, now 0.

. gen str10 outcome = ""

. gen str40 contrast = ""

. gen double pval = .

. gen str10 panel = ""

. save `fig3_pvals', replace
(dataset contains 0 observations)
(file /var/folders/f7/fc0knvn50pn3gtxt52rdmm2c0000gr/T//St95334.000002 not found)
file /var/folders/f7/fc0knvn50pn3gtxt52rdmm2c0000gr/T//St95334.000002 saved as .dta format

. restore

. 
. local i = 0

. foreach y in vol gov busi {
  2.     quietly regress state_`y'_t_info i.treat_action_state
  3.     quietly margins, dydx(treat_action_state) post
  4.     matrix R = r(table)
  5.     local p = R[4, colnumb(R, "2.treat_action_state")]
  6.     if missing(`p') local p = R[4, 1]
  7.     preserve
  8.     use `fig3_pvals', clear
  9.     local newobs = _N + 1
 10.     set obs `newobs'
 11.     replace outcome  = "`y'"    in `newobs'
 12.     replace contrast = "awareness (FW info vs FW no info)" in `newobs'
 13.     replace pval     = `p'      in `newobs'
 14.     replace panel    = "A"      in `newobs'
 15.     save `fig3_pvals', replace
 16.     restore
 17. 
.     quietly regress state_`y'_t_effect b1.treat_effect_3
 18.     quietly margins, dydx(treat_effect_3) post
 19.     matrix R = r(table)
 20.     foreach con in 2 3 {
 21.         local p = R[4, colnumb(R, "`con'.treat_effect_3")]
 22.         if missing(`p') local p = R[4, `=`con''-1]
 23.         local clab = cond(`con'==2, "negative vs no-frame", "positive vs no-frame")
 24.         preserve
 25.         use `fig3_pvals', clear
 26.         local newobs = _N + 1
 27.         set obs `newobs'
 28.         replace outcome  = "`y'"     in `newobs'
 29.         replace contrast = "`clab'"  in `newobs'
 30.         replace pval     = `p'       in `newobs'
 31.         replace panel    = "B"       in `newobs'
 32.         save `fig3_pvals', replace
 33.         restore
 34.     }
 35. }
Number of observations (_N) was 0, now 1.
(1 real change made)
(1 real change made)
(1 real change made)
(1 real change made)
file /var/folders/f7/fc0knvn50pn3gtxt52rdmm2c0000gr/T//St95334.000002 saved as .dta format
Number of observations (_N) was 1, now 2.
(1 real change made)
(1 real change made)
(1 real change made)
(1 real change made)
file /var/folders/f7/fc0knvn50pn3gtxt52rdmm2c0000gr/T//St95334.000002 saved as .dta format
Number of observations (_N) was 2, now 3.
(1 real change made)
(1 real change made)
(1 real change made)
(1 real change made)
file /var/folders/f7/fc0knvn50pn3gtxt52rdmm2c0000gr/T//St95334.000002 saved as .dta format
Number of observations (_N) was 3, now 4.
(1 real change made)
(1 real change made)
(1 real change made)
(1 real change made)
file /var/folders/f7/fc0knvn50pn3gtxt52rdmm2c0000gr/T//St95334.000002 saved as .dta format
Number of observations (_N) was 4, now 5.
(1 real change made)
(1 real change made)
(1 real change made)
(1 real change made)
file /var/folders/f7/fc0knvn50pn3gtxt52rdmm2c0000gr/T//St95334.000002 saved as .dta format
Number of observations (_N) was 5, now 6.
(1 real change made)
(1 real change made)
(1 real change made)
(1 real change made)
file /var/folders/f7/fc0knvn50pn3gtxt52rdmm2c0000gr/T//St95334.000002 saved as .dta format
Number of observations (_N) was 6, now 7.
(1 real change made)
(1 real change made)
(1 real change made)
(1 real change made)
file /var/folders/f7/fc0knvn50pn3gtxt52rdmm2c0000gr/T//St95334.000002 saved as .dta format
Number of observations (_N) was 7, now 8.
(1 real change made)
(1 real change made)
(1 real change made)
(1 real change made)
file /var/folders/f7/fc0knvn50pn3gtxt52rdmm2c0000gr/T//St95334.000002 saved as .dta format
Number of observations (_N) was 8, now 9.
(1 real change made)
(1 real change made)
(1 real change made)
(1 real change made)
file /var/folders/f7/fc0knvn50pn3gtxt52rdmm2c0000gr/T//St95334.000002 saved as .dta format

. 
. preserve

. use `fig3_pvals', clear

. bky_qvalues pval, generate(qval)

. sort panel outcome contrast

. list, sepby(panel)

     +-----------------------------------------------------------------------------+
     | outcome                            contrast        pval   panel        qval |
     |-----------------------------------------------------------------------------|
  1. |    busi   awareness (FW info vs FW no info)   .04504458       A   .03753715 |
  2. |     gov   awareness (FW info vs FW no info)   .00363553       A   .00454441 |
  3. |     vol   awareness (FW info vs FW no info)   .03968238       A   .03753715 |
     |-----------------------------------------------------------------------------|
  4. |    busi                negative vs no-frame   .33964157       B   .21227598 |
  5. |    busi                positive vs no-frame   .88556609       B   .49198116 |
  6. |     gov                negative vs no-frame   .15162036       B   .10830026 |
  7. |     gov                positive vs no-frame   .00183585       B   .00305975 |
  8. |     vol                negative vs no-frame   .00001734       B   .00004336 |
  9. |     vol                positive vs no-frame   3.506e-07       B   1.753e-06 |
     +-----------------------------------------------------------------------------+

. export excel using "output/tables/fig03_results.xlsx", sheet("BKY_qvalues", replace) firstrow(varlabels)
file output/tables/fig03_results.xlsx saved

. restore

. 
. // ---------- Fig 4: collect p-values, compute q-values ----------
. tempfile fig4_pvals

. preserve

. clear

. set obs 0
Number of observations (_N) was 0, now 0.

. gen str10 outcome = ""

. gen str40 contrast = ""

. gen double pval = .

. gen str10 panel = ""

. save `fig4_pvals', replace
(dataset contains 0 observations)
(file /var/folders/f7/fc0knvn50pn3gtxt52rdmm2c0000gr/T//St95334.00000e not found)
file /var/folders/f7/fc0knvn50pn3gtxt52rdmm2c0000gr/T//St95334.00000e saved as .dta format

. restore

. 
. foreach y in info tax mandate {
  2.     quietly regress pol_supp_`y'_t_info i.treat_action_policy
  3.     quietly margins, dydx(treat_action_policy) post
  4.     matrix R = r(table)
  5.     local p = R[4, colnumb(R, "1.treat_action_policy")]
  6.     if missing(`p') local p = R[4, 1]
  7.     preserve
  8.     use `fig4_pvals', clear
  9.     local newobs = _N + 1
 10.     set obs `newobs'
 11.     replace outcome  = "`y'"    in `newobs'
 12.     replace contrast = "awareness (FW info vs burden)" in `newobs'
 13.     replace pval     = `p'      in `newobs'
 14.     replace panel    = "A"      in `newobs'
 15.     save `fig4_pvals', replace
 16.     restore
 17. 
.     quietly regress pol_supp_`y'_t_effect b1.treat_effect
 18.     quietly margins, dydx(treat_effect) post
 19.     matrix R = r(table)
 20.     foreach con in 2 3 {
 21.         local p = R[4, colnumb(R, "`con'.treat_effect")]
 22.         if missing(`p') local p = R[4, `=`con''-1]
 23.         local clab = cond(`con'==2, "negative vs no-frame", "positive vs no-frame")
 24.         preserve
 25.         use `fig4_pvals', clear
 26.         local newobs = _N + 1
 27.         set obs `newobs'
 28.         replace outcome  = "`y'"     in `newobs'
 29.         replace contrast = "`clab'"  in `newobs'
 30.         replace pval     = `p'       in `newobs'
 31.         replace panel    = "B"       in `newobs'
 32.         save `fig4_pvals', replace
 33.         restore
 34.     }
 35. }
Number of observations (_N) was 0, now 1.
(1 real change made)
(1 real change made)
(1 real change made)
(1 real change made)
file /var/folders/f7/fc0knvn50pn3gtxt52rdmm2c0000gr/T//St95334.00000e saved as .dta format
Number of observations (_N) was 1, now 2.
(1 real change made)
(1 real change made)
(1 real change made)
(1 real change made)
file /var/folders/f7/fc0knvn50pn3gtxt52rdmm2c0000gr/T//St95334.00000e saved as .dta format
Number of observations (_N) was 2, now 3.
(1 real change made)
(1 real change made)
(1 real change made)
(1 real change made)
file /var/folders/f7/fc0knvn50pn3gtxt52rdmm2c0000gr/T//St95334.00000e saved as .dta format
Number of observations (_N) was 3, now 4.
(1 real change made)
(1 real change made)
(1 real change made)
(1 real change made)
file /var/folders/f7/fc0knvn50pn3gtxt52rdmm2c0000gr/T//St95334.00000e saved as .dta format
Number of observations (_N) was 4, now 5.
(1 real change made)
(1 real change made)
(1 real change made)
(1 real change made)
file /var/folders/f7/fc0knvn50pn3gtxt52rdmm2c0000gr/T//St95334.00000e saved as .dta format
Number of observations (_N) was 5, now 6.
(1 real change made)
(1 real change made)
(1 real change made)
(1 real change made)
file /var/folders/f7/fc0knvn50pn3gtxt52rdmm2c0000gr/T//St95334.00000e saved as .dta format
Number of observations (_N) was 6, now 7.
(1 real change made)
(1 real change made)
(1 real change made)
(1 real change made)
file /var/folders/f7/fc0knvn50pn3gtxt52rdmm2c0000gr/T//St95334.00000e saved as .dta format
Number of observations (_N) was 7, now 8.
(1 real change made)
(1 real change made)
(1 real change made)
(1 real change made)
file /var/folders/f7/fc0knvn50pn3gtxt52rdmm2c0000gr/T//St95334.00000e saved as .dta format
Number of observations (_N) was 8, now 9.
(1 real change made)
(1 real change made)
(1 real change made)
(1 real change made)
file /var/folders/f7/fc0knvn50pn3gtxt52rdmm2c0000gr/T//St95334.00000e saved as .dta format

. 
. preserve

. use `fig4_pvals', clear

. bky_qvalues pval, generate(qval)

. sort panel outcome contrast

. list, sepby(panel)

     +-------------------------------------------------------------------------+
     | outcome                        contrast        pval   panel        qval |
     |-------------------------------------------------------------------------|
  1. |    info   awareness (FW info vs burden)   .01975494       A   .04609485 |
  2. | mandate   awareness (FW info vs burden)   .00001824       A   .00012767 |
  3. |     tax   awareness (FW info vs burden)   .00544594       A   .01906077 |
     |-------------------------------------------------------------------------|
  4. |    info            negative vs no-frame   .50692597       B   .46879549 |
  5. |    info            positive vs no-frame   .40090675       B   .46772454 |
  6. | mandate            negative vs no-frame    .8331805       B   .64802928 |
  7. | mandate            positive vs no-frame   .25172909       B   .35242073 |
  8. |     tax            negative vs no-frame   .53576627       B   .46879549 |
  9. |     tax            positive vs no-frame   .14927605       B   .26123308 |
     +-------------------------------------------------------------------------+

. export excel using "output/tables/fig04_results.xlsx", sheet("BKY_qvalues", replace) firstrow(varlabels)
file output/tables/fig04_results.xlsx saved

. restore

. 
. // =====================================================================
. // (2) Lin-style covariate adjustment (SI)
. // =====================================================================
. // Demean covariates, then run treatment × demeaned covariates.
. // For binary outcomes scaled 0-1 (POMS), use OLS.
. 
. // Recover dataset post-preserves
. use "data/_analysis_data.dta", clear
(Public replication data - SEP Wave 12 food-waste experiment (anonymised))

. 
. // Demean covariates over the analysis sample (use complete-cases per model).
. foreach v of varlist female educ income env_att poli_ori ins_trust {
  2.     quietly sum `v'
  3.     gen `v'_dm = `v' - r(mean)
  4. }
(356 missing values generated)
(704 missing values generated)
(1,372 missing values generated)
(1,393 missing values generated)
(1,381 missing values generated)
(1,450 missing values generated)

. // Diet is categorical: encode as dummies and demean each
. levelsof diet, local(diet_lev)
1 2 3 4 5

. foreach k of local diet_lev {
  2.     gen byte _d_diet_`k' = (diet == `k') if !missing(diet)
  3.     quietly sum _d_diet_`k'
  4.     gen _d_diet_`k'_dm = _d_diet_`k' - r(mean)
  5. }
(2,147 missing values generated)
(2,147 missing values generated)
(2,147 missing values generated)
(2,147 missing values generated)
(2,147 missing values generated)
(2,147 missing values generated)
(2,147 missing values generated)
(2,147 missing values generated)
(2,147 missing values generated)
(2,147 missing values generated)

. 
. local covars_dm female_dm educ_dm income_dm env_att_dm poli_ori_dm ins_trust_dm

. local diet_dm_list

. foreach k of local diet_lev {
  2.     local diet_dm_list `diet_dm_list' _d_diet_`k'_dm
  3. }

. local covars_dm `covars_dm' `diet_dm_list'

. 
. local xlsx "output/tables/tableA2_lin_adjustment.xlsx"

. capture rm "`xlsx'"

. putexcel set "`xlsx'", sheet("readme") replace
note: file will be replaced when the first putexcel command is issued.

. putexcel A1 = "Lin-style covariate-adjusted robustness models (treatment × demeaned covariates)"
file output/tables/tableA2_lin_adjustment.xlsx saved

. putexcel A2 = "Covariates: female, educ, income, env_att, poli_ori, ins_trust, diet dummies"
file output/tables/tableA2_lin_adjustment.xlsx saved

. putexcel A3 = "Demeaning is over the full estimating sample (complete cases per model)."
file output/tables/tableA2_lin_adjustment.xlsx saved

. 
. // ---------- Fig 3 awareness panel A (treat_action_state) -------------
. putexcel set "`xlsx'", sheet("fig3a_awareness_Lin") modify

. putexcel A1 = "Fig 3 Panel A awareness — Lin-adjusted AMEs on state_y_t_info"
file output/tables/tableA2_lin_adjustment.xlsx saved

. putexcel A3 = "Outcome"
file output/tables/tableA2_lin_adjustment.xlsx saved

. putexcel B3 = "Contrast"
file output/tables/tableA2_lin_adjustment.xlsx saved

. putexcel C3 = "AME (b)"
file output/tables/tableA2_lin_adjustment.xlsx saved

. putexcel D3 = "SE"
file output/tables/tableA2_lin_adjustment.xlsx saved

. putexcel E3 = "p"
file output/tables/tableA2_lin_adjustment.xlsx saved

. putexcel F3 = "Lower 95% CI"
file output/tables/tableA2_lin_adjustment.xlsx saved

. putexcel G3 = "Upper 95% CI"
file output/tables/tableA2_lin_adjustment.xlsx saved

. putexcel H3 = "n"
file output/tables/tableA2_lin_adjustment.xlsx saved

. local row = 4

. foreach y in vol gov busi {
  2.     quietly regress state_`y'_t_info i.treat_action_state ///
>         i.treat_action_state#c.(`covars_dm')
  3.     quietly margins, dydx(treat_action_state) post
  4.     matrix R = r(table)
  5.     local k = colnumb(R, "2.treat_action_state")
  6.     if `k' == . local k 1
  7.     putexcel A`row' = "`y'"
  8.     putexcel B`row' = "FW info vs FW no info"
  9.     putexcel C`row' = (R[1,`k'])
 10.     putexcel D`row' = (R[2,`k'])
 11.     putexcel E`row' = (R[4,`k'])
 12.     putexcel F`row' = (R[5,`k'])
 13.     putexcel G`row' = (R[6,`k'])
 14.     putexcel H`row' = (e(N))
 15.     local ++row
 16. }
file output/tables/tableA2_lin_adjustment.xlsx saved
file output/tables/tableA2_lin_adjustment.xlsx saved
file output/tables/tableA2_lin_adjustment.xlsx saved
file output/tables/tableA2_lin_adjustment.xlsx saved
file output/tables/tableA2_lin_adjustment.xlsx saved
file output/tables/tableA2_lin_adjustment.xlsx saved
file output/tables/tableA2_lin_adjustment.xlsx saved
file output/tables/tableA2_lin_adjustment.xlsx saved
file output/tables/tableA2_lin_adjustment.xlsx saved
file output/tables/tableA2_lin_adjustment.xlsx saved
file output/tables/tableA2_lin_adjustment.xlsx saved
file output/tables/tableA2_lin_adjustment.xlsx saved
file output/tables/tableA2_lin_adjustment.xlsx saved
file output/tables/tableA2_lin_adjustment.xlsx saved
file output/tables/tableA2_lin_adjustment.xlsx saved
file output/tables/tableA2_lin_adjustment.xlsx saved
file output/tables/tableA2_lin_adjustment.xlsx saved
file output/tables/tableA2_lin_adjustment.xlsx saved
file output/tables/tableA2_lin_adjustment.xlsx saved
file output/tables/tableA2_lin_adjustment.xlsx saved
file output/tables/tableA2_lin_adjustment.xlsx saved
file output/tables/tableA2_lin_adjustment.xlsx saved
file output/tables/tableA2_lin_adjustment.xlsx saved
file output/tables/tableA2_lin_adjustment.xlsx saved

. 
. // ---------- Fig 3 Panel B effectiveness -----------------------------
. putexcel set "`xlsx'", sheet("fig3b_effectiveness_Lin") modify

. putexcel A1 = "Fig 3 Panel B effectiveness — Lin-adjusted AMEs on state_y_t_effect (FW only)"
file output/tables/tableA2_lin_adjustment.xlsx saved

. putexcel A3 = "Outcome"
file output/tables/tableA2_lin_adjustment.xlsx saved

. putexcel B3 = "Contrast"
file output/tables/tableA2_lin_adjustment.xlsx saved

. putexcel C3 = "AME (b)"
file output/tables/tableA2_lin_adjustment.xlsx saved

. putexcel D3 = "SE"
file output/tables/tableA2_lin_adjustment.xlsx saved

. putexcel E3 = "p"
file output/tables/tableA2_lin_adjustment.xlsx saved

. putexcel F3 = "Lower 95% CI"
file output/tables/tableA2_lin_adjustment.xlsx saved

. putexcel G3 = "Upper 95% CI"
file output/tables/tableA2_lin_adjustment.xlsx saved

. putexcel H3 = "n"
file output/tables/tableA2_lin_adjustment.xlsx saved

. local row = 4

. foreach y in vol gov busi {
  2.     quietly regress state_`y'_t_effect b1.treat_effect_3 ///
>         b1.treat_effect_3#c.(`covars_dm')
  3.     quietly margins, dydx(treat_effect_3) post
  4.     matrix R = r(table)
  5.     foreach con in 2 3 {
  6.         local k = colnumb(R, "`con'.treat_effect_3")
  7.         if `k' == . local k `=`con''
  8.         local clab = cond(`con'==2, "Negative vs no-frame", "Positive vs no-frame")
  9.         putexcel A`row' = "`y'"
 10.         putexcel B`row' = "`clab'"
 11.         putexcel C`row' = (R[1,`k'])
 12.         putexcel D`row' = (R[2,`k'])
 13.         putexcel E`row' = (R[4,`k'])
 14.         putexcel F`row' = (R[5,`k'])
 15.         putexcel G`row' = (R[6,`k'])
 16.         putexcel H`row' = (e(N))
 17.         local ++row
 18.     }
 19. }
file output/tables/tableA2_lin_adjustment.xlsx saved
file output/tables/tableA2_lin_adjustment.xlsx saved
file output/tables/tableA2_lin_adjustment.xlsx saved
file output/tables/tableA2_lin_adjustment.xlsx saved
file output/tables/tableA2_lin_adjustment.xlsx saved
file output/tables/tableA2_lin_adjustment.xlsx saved
file output/tables/tableA2_lin_adjustment.xlsx saved
file output/tables/tableA2_lin_adjustment.xlsx saved
file output/tables/tableA2_lin_adjustment.xlsx saved
file output/tables/tableA2_lin_adjustment.xlsx saved
file output/tables/tableA2_lin_adjustment.xlsx saved
file output/tables/tableA2_lin_adjustment.xlsx saved
file output/tables/tableA2_lin_adjustment.xlsx saved
file output/tables/tableA2_lin_adjustment.xlsx saved
file output/tables/tableA2_lin_adjustment.xlsx saved
file output/tables/tableA2_lin_adjustment.xlsx saved
file output/tables/tableA2_lin_adjustment.xlsx saved
file output/tables/tableA2_lin_adjustment.xlsx saved
file output/tables/tableA2_lin_adjustment.xlsx saved
file output/tables/tableA2_lin_adjustment.xlsx saved
file output/tables/tableA2_lin_adjustment.xlsx saved
file output/tables/tableA2_lin_adjustment.xlsx saved
file output/tables/tableA2_lin_adjustment.xlsx saved
file output/tables/tableA2_lin_adjustment.xlsx saved
file output/tables/tableA2_lin_adjustment.xlsx saved
file output/tables/tableA2_lin_adjustment.xlsx saved
file output/tables/tableA2_lin_adjustment.xlsx saved
file output/tables/tableA2_lin_adjustment.xlsx saved
file output/tables/tableA2_lin_adjustment.xlsx saved
file output/tables/tableA2_lin_adjustment.xlsx saved
file output/tables/tableA2_lin_adjustment.xlsx saved
file output/tables/tableA2_lin_adjustment.xlsx saved
file output/tables/tableA2_lin_adjustment.xlsx saved
file output/tables/tableA2_lin_adjustment.xlsx saved
file output/tables/tableA2_lin_adjustment.xlsx saved
file output/tables/tableA2_lin_adjustment.xlsx saved
file output/tables/tableA2_lin_adjustment.xlsx saved
file output/tables/tableA2_lin_adjustment.xlsx saved
file output/tables/tableA2_lin_adjustment.xlsx saved
file output/tables/tableA2_lin_adjustment.xlsx saved
file output/tables/tableA2_lin_adjustment.xlsx saved
file output/tables/tableA2_lin_adjustment.xlsx saved
file output/tables/tableA2_lin_adjustment.xlsx saved
file output/tables/tableA2_lin_adjustment.xlsx saved
file output/tables/tableA2_lin_adjustment.xlsx saved
file output/tables/tableA2_lin_adjustment.xlsx saved
file output/tables/tableA2_lin_adjustment.xlsx saved
file output/tables/tableA2_lin_adjustment.xlsx saved

. 
. // ---------- Fig 4 Panel A awareness on policy support ---------------
. putexcel set "`xlsx'", sheet("fig4a_awareness_Lin") modify

. putexcel A1 = "Fig 4 Panel A awareness — Lin-adjusted AMEs on pol_supp_y_t_info"
file output/tables/tableA2_lin_adjustment.xlsx saved

. putexcel A3 = "Outcome"
file output/tables/tableA2_lin_adjustment.xlsx saved

. putexcel B3 = "Contrast"
file output/tables/tableA2_lin_adjustment.xlsx saved

. putexcel C3 = "AME (b)"
file output/tables/tableA2_lin_adjustment.xlsx saved

. putexcel D3 = "SE"
file output/tables/tableA2_lin_adjustment.xlsx saved

. putexcel E3 = "p"
file output/tables/tableA2_lin_adjustment.xlsx saved

. putexcel F3 = "Lower 95% CI"
file output/tables/tableA2_lin_adjustment.xlsx saved

. putexcel G3 = "Upper 95% CI"
file output/tables/tableA2_lin_adjustment.xlsx saved

. putexcel H3 = "n"
file output/tables/tableA2_lin_adjustment.xlsx saved

. local row = 4

. foreach y in info tax mandate {
  2.     quietly regress pol_supp_`y'_t_info i.treat_action_policy ///
>         i.treat_action_policy#c.(`covars_dm')
  3.     quietly margins, dydx(treat_action_policy) post
  4.     matrix R = r(table)
  5.     local k = colnumb(R, "1.treat_action_policy")
  6.     if `k' == . local k 1
  7.     putexcel A`row' = "`y'"
  8.     putexcel B`row' = "FW info vs burden"
  9.     putexcel C`row' = (R[1,`k'])
 10.     putexcel D`row' = (R[2,`k'])
 11.     putexcel E`row' = (R[4,`k'])
 12.     putexcel F`row' = (R[5,`k'])
 13.     putexcel G`row' = (R[6,`k'])
 14.     putexcel H`row' = (e(N))
 15.     local ++row
 16. }
file output/tables/tableA2_lin_adjustment.xlsx saved
file output/tables/tableA2_lin_adjustment.xlsx saved
file output/tables/tableA2_lin_adjustment.xlsx saved
file output/tables/tableA2_lin_adjustment.xlsx saved
file output/tables/tableA2_lin_adjustment.xlsx saved
file output/tables/tableA2_lin_adjustment.xlsx saved
file output/tables/tableA2_lin_adjustment.xlsx saved
file output/tables/tableA2_lin_adjustment.xlsx saved
file output/tables/tableA2_lin_adjustment.xlsx saved
file output/tables/tableA2_lin_adjustment.xlsx saved
file output/tables/tableA2_lin_adjustment.xlsx saved
file output/tables/tableA2_lin_adjustment.xlsx saved
file output/tables/tableA2_lin_adjustment.xlsx saved
file output/tables/tableA2_lin_adjustment.xlsx saved
file output/tables/tableA2_lin_adjustment.xlsx saved
file output/tables/tableA2_lin_adjustment.xlsx saved
file output/tables/tableA2_lin_adjustment.xlsx saved
file output/tables/tableA2_lin_adjustment.xlsx saved
file output/tables/tableA2_lin_adjustment.xlsx saved
file output/tables/tableA2_lin_adjustment.xlsx saved
file output/tables/tableA2_lin_adjustment.xlsx saved
file output/tables/tableA2_lin_adjustment.xlsx saved
file output/tables/tableA2_lin_adjustment.xlsx saved
file output/tables/tableA2_lin_adjustment.xlsx saved

. 
. // ---------- Fig 4 Panel B effectiveness on policy support -----------
. putexcel set "`xlsx'", sheet("fig4b_effectiveness_Lin") modify

. putexcel A1 = "Fig 4 Panel B effectiveness — Lin-adjusted AMEs on pol_supp_y_t_effect (FW only)"
file output/tables/tableA2_lin_adjustment.xlsx saved

. putexcel A3 = "Outcome"
file output/tables/tableA2_lin_adjustment.xlsx saved

. putexcel B3 = "Contrast"
file output/tables/tableA2_lin_adjustment.xlsx saved

. putexcel C3 = "AME (b)"
file output/tables/tableA2_lin_adjustment.xlsx saved

. putexcel D3 = "SE"
file output/tables/tableA2_lin_adjustment.xlsx saved

. putexcel E3 = "p"
file output/tables/tableA2_lin_adjustment.xlsx saved

. putexcel F3 = "Lower 95% CI"
file output/tables/tableA2_lin_adjustment.xlsx saved

. putexcel G3 = "Upper 95% CI"
file output/tables/tableA2_lin_adjustment.xlsx saved

. putexcel H3 = "n"
file output/tables/tableA2_lin_adjustment.xlsx saved

. local row = 4

. foreach y in info tax mandate {
  2.     quietly regress pol_supp_`y'_t_effect b1.treat_effect ///
>         b1.treat_effect#c.(`covars_dm')
  3.     quietly margins, dydx(treat_effect) post
  4.     matrix R = r(table)
  5.     foreach con in 2 3 {
  6.         local k = colnumb(R, "`con'.treat_effect")
  7.         if `k' == . local k `=`con''
  8.         local clab = cond(`con'==2, "Negative vs no-frame", "Positive vs no-frame")
  9.         putexcel A`row' = "`y'"
 10.         putexcel B`row' = "`clab'"
 11.         putexcel C`row' = (R[1,`k'])
 12.         putexcel D`row' = (R[2,`k'])
 13.         putexcel E`row' = (R[4,`k'])
 14.         putexcel F`row' = (R[5,`k'])
 15.         putexcel G`row' = (R[6,`k'])
 16.         putexcel H`row' = (e(N))
 17.         local ++row
 18.     }
 19. }
file output/tables/tableA2_lin_adjustment.xlsx saved
file output/tables/tableA2_lin_adjustment.xlsx saved
file output/tables/tableA2_lin_adjustment.xlsx saved
file output/tables/tableA2_lin_adjustment.xlsx saved
file output/tables/tableA2_lin_adjustment.xlsx saved
file output/tables/tableA2_lin_adjustment.xlsx saved
file output/tables/tableA2_lin_adjustment.xlsx saved
file output/tables/tableA2_lin_adjustment.xlsx saved
file output/tables/tableA2_lin_adjustment.xlsx saved
file output/tables/tableA2_lin_adjustment.xlsx saved
file output/tables/tableA2_lin_adjustment.xlsx saved
file output/tables/tableA2_lin_adjustment.xlsx saved
file output/tables/tableA2_lin_adjustment.xlsx saved
file output/tables/tableA2_lin_adjustment.xlsx saved
file output/tables/tableA2_lin_adjustment.xlsx saved
file output/tables/tableA2_lin_adjustment.xlsx saved
file output/tables/tableA2_lin_adjustment.xlsx saved
file output/tables/tableA2_lin_adjustment.xlsx saved
file output/tables/tableA2_lin_adjustment.xlsx saved
file output/tables/tableA2_lin_adjustment.xlsx saved
file output/tables/tableA2_lin_adjustment.xlsx saved
file output/tables/tableA2_lin_adjustment.xlsx saved
file output/tables/tableA2_lin_adjustment.xlsx saved
file output/tables/tableA2_lin_adjustment.xlsx saved
file output/tables/tableA2_lin_adjustment.xlsx saved
file output/tables/tableA2_lin_adjustment.xlsx saved
file output/tables/tableA2_lin_adjustment.xlsx saved
file output/tables/tableA2_lin_adjustment.xlsx saved
file output/tables/tableA2_lin_adjustment.xlsx saved
file output/tables/tableA2_lin_adjustment.xlsx saved
file output/tables/tableA2_lin_adjustment.xlsx saved
file output/tables/tableA2_lin_adjustment.xlsx saved
file output/tables/tableA2_lin_adjustment.xlsx saved
file output/tables/tableA2_lin_adjustment.xlsx saved
file output/tables/tableA2_lin_adjustment.xlsx saved
file output/tables/tableA2_lin_adjustment.xlsx saved
file output/tables/tableA2_lin_adjustment.xlsx saved
file output/tables/tableA2_lin_adjustment.xlsx saved
file output/tables/tableA2_lin_adjustment.xlsx saved
file output/tables/tableA2_lin_adjustment.xlsx saved
file output/tables/tableA2_lin_adjustment.xlsx saved
file output/tables/tableA2_lin_adjustment.xlsx saved
file output/tables/tableA2_lin_adjustment.xlsx saved
file output/tables/tableA2_lin_adjustment.xlsx saved
file output/tables/tableA2_lin_adjustment.xlsx saved
file output/tables/tableA2_lin_adjustment.xlsx saved
file output/tables/tableA2_lin_adjustment.xlsx saved
file output/tables/tableA2_lin_adjustment.xlsx saved

. 
. di as txt _n "==> Corrections (BKY q-values + Lin robustness) written."

==> Corrections (BKY q-values + Lin robustness) written.

. 
end of do-file

. 
. di as txt _n "=== Step 7: SI items (Tables A1/A3; Figs A1/A2) ==="

=== Step 7: SI items (Tables A1/A3; Figs A1/A2) ===

. do "scripts/RnR_08_si.do"

. // =====================================================================
. // RnR_08_si.do
. // ---------------------------------------------------------------------
. // PURPOSE : SI: construct validity/alpha (Table A1), four-group plot (Fig A2), predictors (Fig A1), heterogeneity joi
> nt tests (Table A3).
. // INPUTS  : data/_analysis_data.dta
. // OUTPUTS : output/figures/figA1_predictors_baseline.*; output/figures/figA2_four_group_policy_support.*; output/tabl
> es/SI_results.xlsx
. // AUTHOR  : E. Keith Smith   |   DATE: 2026-09-18   |   STATA: 19.5
. // NOTE    : Run via master.do (sets wd once); relative paths only.
. // =====================================================================
. 
. // =====================================================================
. // RnR_08_si.do — Supplementary information items
. // (1) CFA on three perception items + twelve policy items, plus α
. // (2) Full four-group plot of policy support with burden as reference
. // (3) Predictors of baseline preferences (coefplot)
. // (4) Heterogeneity by env_att / poli_ori / ins_trust on full FW sample
. // (5) Manipulation check on accordion timings (vars absent — noted)
. // All Lin robustness already in tables/SI_lin_adjustment.xlsx
. // =====================================================================
. 
. qui do "scripts/RnR_helpers.do"

. use "data/_analysis_data.dta", clear
(Public replication data - SEP Wave 12 food-waste experiment (anonymised))

. 
. local xlsx "output/tables/SI_results.xlsx"

. capture rm "`xlsx'"

. 
. // =====================================================================
. // (1) Construct validity: CFA + Cronbach's α
. // =====================================================================
. // Perception items: use the burden-split Q36 items (state_36_vol, gov, busi)
. // — these are the version asked of all baseline respondents.
. quietly factor state_36_vol state_36_gov state_36_busi, ml factors(1)

. matrix L_perc = e(L)

. quietly alpha state_36_vol state_36_gov state_36_busi

. scalar alpha_perc = r(alpha)

. 
. putexcel set "`xlsx'", sheet("CFA_perceptions") replace
note: file will be replaced when the first putexcel command is issued.

. putexcel A1 = "CFA: perception items (Q36, burden split)"
file output/tables/SI_results.xlsx saved

. putexcel A3 = "Item"
file output/tables/SI_results.xlsx saved

. putexcel B3 = "Loading"
file output/tables/SI_results.xlsx saved

. putexcel C3 = "Uniqueness"
file output/tables/SI_results.xlsx saved

. local items state_36_vol state_36_gov state_36_busi

. local i = 0

. foreach v of local items {
  2.     local ++i
  3.     putexcel A`=`i'+3' = "`v'"
  4.     putexcel B`=`i'+3' = (L_perc[`i', 1])
  5. }
file output/tables/SI_results.xlsx saved
file output/tables/SI_results.xlsx saved
file output/tables/SI_results.xlsx saved
file output/tables/SI_results.xlsx saved
file output/tables/SI_results.xlsx saved
file output/tables/SI_results.xlsx saved

. putexcel A`=`i'+5' = "Cronbach's alpha"
file output/tables/SI_results.xlsx saved

. putexcel B`=`i'+5' = (alpha_perc)
file output/tables/SI_results.xlsx saved

. 
. // Policy items: use the Q37 items (burden split)
. local pol_items

. foreach n of num 1/12 {
  2.     local pol_items `pol_items' poms_policy_37_`n'
  3. }

. quietly factor `pol_items', ml factors(1)

. matrix L_pol = e(L)

. quietly alpha `pol_items'

. scalar alpha_pol = r(alpha)

. 
. putexcel set "`xlsx'", sheet("CFA_policy") modify

. putexcel A1 = "CFA: policy items (Q37, burden split)"
file output/tables/SI_results.xlsx saved

. putexcel A3 = "Item"
file output/tables/SI_results.xlsx saved

. putexcel B3 = "Loading"
file output/tables/SI_results.xlsx saved

. local i = 0

. foreach v of local pol_items {
  2.     local ++i
  3.     putexcel A`=`i'+3' = "`v'"
  4.     putexcel B`=`i'+3' = (L_pol[`i', 1])
  5. }
file output/tables/SI_results.xlsx saved
file output/tables/SI_results.xlsx saved
file output/tables/SI_results.xlsx saved
file output/tables/SI_results.xlsx saved
file output/tables/SI_results.xlsx saved
file output/tables/SI_results.xlsx saved
file output/tables/SI_results.xlsx saved
file output/tables/SI_results.xlsx saved
file output/tables/SI_results.xlsx saved
file output/tables/SI_results.xlsx saved
file output/tables/SI_results.xlsx saved
file output/tables/SI_results.xlsx saved
file output/tables/SI_results.xlsx saved
file output/tables/SI_results.xlsx saved
file output/tables/SI_results.xlsx saved
file output/tables/SI_results.xlsx saved
file output/tables/SI_results.xlsx saved
file output/tables/SI_results.xlsx saved
file output/tables/SI_results.xlsx saved
file output/tables/SI_results.xlsx saved
file output/tables/SI_results.xlsx saved
file output/tables/SI_results.xlsx saved
file output/tables/SI_results.xlsx saved
file output/tables/SI_results.xlsx saved

. putexcel A`=`i'+5' = "Cronbach's alpha (12-item)"
file output/tables/SI_results.xlsx saved

. putexcel B`=`i'+5' = (alpha_pol)
file output/tables/SI_results.xlsx saved

. 
. // Per-subscale α
. foreach pair in "info 1 2" "tax 3 4" "mandate 5 6 7 8 9 10 11 12" {
  2.     tokenize "`pair'"
  3.     local name `1'
  4.     macro shift
  5.     local idxs `*'
  6.     local items
  7.     foreach k of local idxs {
  8.         local items `items' poms_policy_37_`k'
  9.     }
 10.     quietly alpha `items'
 11.     scalar alpha_`name' = r(alpha)
 12. }

. putexcel A`=`i'+7' = "Cronbach's alpha — Information & Disclosures"
file output/tables/SI_results.xlsx saved

. putexcel B`=`i'+7' = (alpha_info)
file output/tables/SI_results.xlsx saved

. putexcel A`=`i'+8' = "Cronbach's alpha — Taxes & Charges"
file output/tables/SI_results.xlsx saved

. putexcel B`=`i'+8' = (alpha_tax)
file output/tables/SI_results.xlsx saved

. putexcel A`=`i'+9' = "Cronbach's alpha — Mandates & Obligations"
file output/tables/SI_results.xlsx saved

. putexcel B`=`i'+9' = (alpha_mandate)
file output/tables/SI_results.xlsx saved

. 
. // =====================================================================
. // (2) Full four-group plot of policy support effects with burden ref
. // =====================================================================
. // Use b0.treat_effect: 0=burden control, 1=FW no-frame, 2=FW negative, 3=FW positive.
. // Outcome: pol_supp_y_t_info (which mixes Q37 burden + Q33 FW; the burden
. // reference is meaningful only for the awareness comparison). For the four-
. // group display, use pol_supp_y_t_effect with burden=0 set to Q37 baseline.
. 
. // Simpler: just run the original Fig 5a four-group plot from old submission,
. // using treat_effect (4 levels) on a combined outcome.
. foreach y in info tax mandate {
  2.     gen pol_supp_`y'_4grp = pol_supp_`y'_37 if treat_assign==0
  3.     replace pol_supp_`y'_4grp = pol_supp_`y'_33 if treat_assign==1
  4. }
(6,654 missing values generated)
(3,159 real changes made)
(6,742 missing values generated)
(3,096 real changes made)
(6,926 missing values generated)
(2,927 real changes made)

. 
. foreach y in info tax mandate {
  2.     quietly regress pol_supp_`y'_4grp b0.treat_effect
  3.     quietly margins, dydx(treat_effect) post
  4.     matrix R_4g_`y' = r(table)
  5.     scalar N_4g_`y' = e(N)
  6.     est sto si_4g_`y'
  7. }

. 
. coefplot ///
>     (si_4g_info,    recast(bar) col(edkblue%70)     ciopts(recast(rcap) lc(black))) ///
>     (si_4g_tax,     recast(bar) col(forest_green%70) ciopts(recast(rcap) lc(black))) ///
>     (si_4g_mandate, recast(bar) col(maroon%70)      ciopts(recast(rcap) lc(black))) ///
>     , vert barw(0.25) ///
>     ti("{bf:Policy support effectiveness treatment}", s(medlarge)) ///
>     subti("{it:Comparison with untreated alt. survey arm }", s(small)) ///
>     yti("AME (treatments vs control [untreated])") ///
>     coeflabels(1.treat_effect = `""Food-waste info" "no effectiveness frame""' ///
>                2.treat_effect = `""Food-waste info" "will not achieve goal""' ///
>                3.treat_effect = `""Food-waste info" "will achieve goal""') ///
>     ylab(-.10(0.02).10, format(%3.2f)) ///
>     yli(0, lc(gs10) lp(dash)) ///
>     legend(order(2 "Information" "& Disclosures" ///
>                  4 "Taxes" "& Charges" ///
>                  6 "Mandates" "& Obligations") ///
>            pos(6) row(1) si(small)) ///
>     name(si_4group, replace)

. 
. gr export "output/figures/figA2_four_group_policy_support.pdf", as(pdf) name("si_4group") replace
file output/figures/figA2_four_group_policy_support.pdf saved as PDF format

. gr export "output/figures/figA2_four_group_policy_support.png", as(png) name("si_4group") replace
(file output/figures/figA2_four_group_policy_support.png not found)
file output/figures/figA2_four_group_policy_support.png written in PNG format

. 
. putexcel set "`xlsx'", sheet("four_group_polsupp") modify

. putexcel A1 = "SI: four-group policy support effects vs burden control"
file output/tables/SI_results.xlsx saved

. putexcel A3 = "Outcome"
file output/tables/SI_results.xlsx saved

. putexcel B3 = "Contrast"
file output/tables/SI_results.xlsx saved

. putexcel C3 = "AME (b)"
file output/tables/SI_results.xlsx saved

. putexcel D3 = "SE"
file output/tables/SI_results.xlsx saved

. putexcel E3 = "p"
file output/tables/SI_results.xlsx saved

. putexcel F3 = "Lower 95% CI"
file output/tables/SI_results.xlsx saved

. putexcel G3 = "Upper 95% CI"
file output/tables/SI_results.xlsx saved

. putexcel H3 = "n"
file output/tables/SI_results.xlsx saved

. local row = 4

. foreach y in info tax mandate {
  2.     matrix R = R_4g_`y'
  3.     forvalues con = 1/3 {
  4.         local k = colnumb(R, "`con'.treat_effect")
  5.         if `k' == . local k `con'
  6.         local clab : word `con' of "FW_no_frame" "FW_will_not_achieve" "FW_will_achieve"
  7.         putexcel A`row' = "`y'"
  8.         putexcel B`row' = "`clab' vs burden"
  9.         putexcel C`row' = (R[1,`k'])
 10.         putexcel D`row' = (R[2,`k'])
 11.         putexcel E`row' = (R[4,`k'])
 12.         putexcel F`row' = (R[5,`k'])
 13.         putexcel G`row' = (R[6,`k'])
 14.         putexcel H`row' = (N_4g_`y')
 15.         local ++row
 16.     }
 17. }
file output/tables/SI_results.xlsx saved
file output/tables/SI_results.xlsx saved
file output/tables/SI_results.xlsx saved
file output/tables/SI_results.xlsx saved
file output/tables/SI_results.xlsx saved
file output/tables/SI_results.xlsx saved
file output/tables/SI_results.xlsx saved
file output/tables/SI_results.xlsx saved
file output/tables/SI_results.xlsx saved
file output/tables/SI_results.xlsx saved
file output/tables/SI_results.xlsx saved
file output/tables/SI_results.xlsx saved
file output/tables/SI_results.xlsx saved
file output/tables/SI_results.xlsx saved
file output/tables/SI_results.xlsx saved
file output/tables/SI_results.xlsx saved
file output/tables/SI_results.xlsx saved
file output/tables/SI_results.xlsx saved
file output/tables/SI_results.xlsx saved
file output/tables/SI_results.xlsx saved
file output/tables/SI_results.xlsx saved
file output/tables/SI_results.xlsx saved
file output/tables/SI_results.xlsx saved
file output/tables/SI_results.xlsx saved
file output/tables/SI_results.xlsx saved
file output/tables/SI_results.xlsx saved
file output/tables/SI_results.xlsx saved
file output/tables/SI_results.xlsx saved
file output/tables/SI_results.xlsx saved
file output/tables/SI_results.xlsx saved
file output/tables/SI_results.xlsx saved
file output/tables/SI_results.xlsx saved
file output/tables/SI_results.xlsx saved
file output/tables/SI_results.xlsx saved
file output/tables/SI_results.xlsx saved
file output/tables/SI_results.xlsx saved
file output/tables/SI_results.xlsx saved
file output/tables/SI_results.xlsx saved
file output/tables/SI_results.xlsx saved
file output/tables/SI_results.xlsx saved
file output/tables/SI_results.xlsx saved
file output/tables/SI_results.xlsx saved
file output/tables/SI_results.xlsx saved
file output/tables/SI_results.xlsx saved
file output/tables/SI_results.xlsx saved
file output/tables/SI_results.xlsx saved
file output/tables/SI_results.xlsx saved
file output/tables/SI_results.xlsx saved
file output/tables/SI_results.xlsx saved
file output/tables/SI_results.xlsx saved
file output/tables/SI_results.xlsx saved
file output/tables/SI_results.xlsx saved
file output/tables/SI_results.xlsx saved
file output/tables/SI_results.xlsx saved
file output/tables/SI_results.xlsx saved
file output/tables/SI_results.xlsx saved
file output/tables/SI_results.xlsx saved
file output/tables/SI_results.xlsx saved
file output/tables/SI_results.xlsx saved
file output/tables/SI_results.xlsx saved
file output/tables/SI_results.xlsx saved
file output/tables/SI_results.xlsx saved
file output/tables/SI_results.xlsx saved
file output/tables/SI_results.xlsx saved
file output/tables/SI_results.xlsx saved
file output/tables/SI_results.xlsx saved
file output/tables/SI_results.xlsx saved
file output/tables/SI_results.xlsx saved
file output/tables/SI_results.xlsx saved
file output/tables/SI_results.xlsx saved
file output/tables/SI_results.xlsx saved
file output/tables/SI_results.xlsx saved

. 
. // =====================================================================
. // (3) Predictors of baseline preferences (existing coefplot lifted)
. // =====================================================================
. preserve

. foreach x of varlist income env_att ins_trust poli_ori {
  2.     quietly sum `x'
  3.     local max_`x' = r(max)
  4.     local min_`x' = r(min)
  5.     gen `x'_poms = (`x' - `min_`x'')/(`max_`x'' - `min_`x'')
  6. }
(1,372 missing values generated)
(1,393 missing values generated)
(1,450 missing values generated)
(1,381 missing values generated)

. 
. foreach y in info tax mandate {
  2.     quietly regress pol_supp_`y'_base ///
>         i.female income_poms i.educ i.diet ///
>         env_att_poms ins_trust_poms poli_ori_poms
  3.     matrix reg_`y' = r(table)
  4. }

. foreach y in vol gov busi {
  2.     quietly regress state_`y'_base ///
>         i.female income_poms i.educ i.diet ///
>         env_att_poms ins_trust_poms poli_ori_poms
  3.     matrix reg_`y' = r(table)
  4. }

. 
. coefplot ///
>     (mat(reg_info), mc(edkblue) ci((reg_info[5] reg_info[6])) ciopts(lc(edkblue) recast(rcap))) ///
>     (mat(reg_tax),  mc(forest_green) ci((reg_tax[5] reg_tax[6])) ciopts(lc(forest_green) recast(rcap))) ///
>     (mat(reg_mandate), mc(maroon) ci((reg_mandate[5] reg_mandate[6])) ciopts(lc(maroon) recast(rcap))) ///
>     , ti("{bf:Support for stronger}" "{bf:food-waste policies}", s(medlarge)) ///
>     drop(_cons) xline(0, lp(dash) lc(gs12)) ///
>     xlab(-1(0.25)1, format(%3.2f) labs(small)) ///
>         xti("Estimated min–max effect on food-waste reduction preference", s(small)) ///
>     coefl(1.female="Gender: female" income_poms="Income" ///
>           2.educ=`""{it:Ref: Obligatory}" "Vocational""' 3.educ="Technical" 4.educ="University" ///
>           2.diet="Light Omnivore" 3.diet="Flexitarian" 4.diet="Vegetarian" 5.diet="Vegan" ///
>           env_att_poms=`""Pro-environmental" "attitudes""' ///
>           ins_trust_poms=`""Institutional" "trust""' ///
>           poli_ori_poms=`""Political" "orientation""') ///
>     legend(order(2 "Information" "& Disclosures" ///
>                  4 "Taxes" "& Charges" ///
>                  6 "Mandates" "& Obligations") ///
>            pos(6) row(2) si(small)) ///
>         fysize(90) /// 
>     name(si_pred_supp, replace) nodraw

. 
. coefplot ///
>     (mat(reg_vol),  mc(sand)   ci((reg_vol[5] reg_vol[6])) ciopts(lc(sand) recast(rcap))) ///
>     (mat(reg_gov),  mc(sienna) ci((reg_gov[5] reg_gov[6])) ciopts(lc(sienna) recast(rcap))) ///
>     (mat(reg_busi), mc(teal)   ci((reg_busi[5] reg_busi[6])) ciopts(lc(teal) recast(rcap))) ///
>         , ti("{bf:Perceptions of voluntary measures and}" "{bf:demand for government action}", s(medlarge)) /// 
>     drop(_cons) xline(0, lp(dash) lc(gs12)) ///
>     xlab(-1(0.25)1, format(%3.2f) labs(small)) ///
>         xti("Estimated min–max effect on food-waste reduction preference", s(small)) ///
>     coefl(1.female="Gender: female" income_poms="Income" ///
>           2.educ=`""{it:Ref: Obligatory}" "Vocational""' 3.educ="Technical" 4.educ="University" ///
>           2.diet="Light Omnivore" 3.diet="Flexitarian" 4.diet="Vegetarian" 5.diet="Vegan" ///
>           env_att_poms=`""Pro-environmental" "attitudes""' ///
>           ins_trust_poms=`""Institutional" "trust""' ///
>           poli_ori_poms=`""Political" "orientation""') ///
>     legend(order(2 "Voluntary measures" "are sufficient" ///
>                  4 "Government measures" "are needed" ///
>                  6 "Non-participating firms" "required to reduce waste") ///
>            pos(6) row(2) si(small)) ///
>     name(si_pred_state, replace) nodraw

. 
. gr combine si_pred_supp si_pred_state, xsize(8) ysize(6) name(si_predictors, replace)

. gr export "output/figures/figA1_predictors_baseline.pdf", as(pdf) name("si_predictors") replace
file output/figures/figA1_predictors_baseline.pdf saved as PDF format

. gr export "output/figures/figA1_predictors_baseline.png", as(png) name("si_predictors") replace
(file output/figures/figA1_predictors_baseline.png not found)
file output/figures/figA1_predictors_baseline.png written in PNG format

. restore

. 
. // =====================================================================
. // (4) Heterogeneity on full FW by env_att / poli_ori / ins_trust
. // =====================================================================
. putexcel set "`xlsx'", sheet("heterogeneity_full_FW") modify

. putexcel A1 = "Heterogeneity of feedback (treat_effect_3) effects by attitudes (FW only)"
file output/tables/SI_results.xlsx saved

. putexcel A3 = "Moderator"
file output/tables/SI_results.xlsx saved

. putexcel B3 = "Outcome"
file output/tables/SI_results.xlsx saved

. putexcel C3 = "Outcome type"
file output/tables/SI_results.xlsx saved

. putexcel D3 = "Joint interaction F"
file output/tables/SI_results.xlsx saved

. putexcel E3 = "p"
file output/tables/SI_results.xlsx saved

. putexcel F3 = "n"
file output/tables/SI_results.xlsx saved

. local row = 4

. foreach M in env_att poli_ori ins_trust {
  2.     foreach y in vol gov busi {
  3.         quietly regress state_`y'_t_effect b1.treat_effect_3##c.`M' if treat_assign==1
  4.         quietly test 2.treat_effect_3#c.`M' 3.treat_effect_3#c.`M'
  5.         putexcel A`row' = "`M'"
  6.         putexcel B`row' = "`y'"
  7.         putexcel C`row' = "perception Δ"
  8.         putexcel D`row' = (r(F))
  9.         putexcel E`row' = (r(p))
 10.         putexcel F`row' = (e(N))
 11.         local ++row
 12.     }
 13.     foreach y in info tax mandate {
 14.         quietly regress pol_supp_`y'_t_effect b1.treat_effect_3##c.`M' if treat_assign==1
 15.         quietly test 2.treat_effect_3#c.`M' 3.treat_effect_3#c.`M'
 16.         putexcel A`row' = "`M'"
 17.         putexcel B`row' = "`y'"
 18.         putexcel C`row' = "policy support"
 19.         putexcel D`row' = (r(F))
 20.         putexcel E`row' = (r(p))
 21.         putexcel F`row' = (e(N))
 22.         local ++row
 23.     }
 24. }
file output/tables/SI_results.xlsx saved
file output/tables/SI_results.xlsx saved
file output/tables/SI_results.xlsx saved
file output/tables/SI_results.xlsx saved
file output/tables/SI_results.xlsx saved
file output/tables/SI_results.xlsx saved
file output/tables/SI_results.xlsx saved
file output/tables/SI_results.xlsx saved
file output/tables/SI_results.xlsx saved
file output/tables/SI_results.xlsx saved
file output/tables/SI_results.xlsx saved
file output/tables/SI_results.xlsx saved
file output/tables/SI_results.xlsx saved
file output/tables/SI_results.xlsx saved
file output/tables/SI_results.xlsx saved
file output/tables/SI_results.xlsx saved
file output/tables/SI_results.xlsx saved
file output/tables/SI_results.xlsx saved
file output/tables/SI_results.xlsx saved
file output/tables/SI_results.xlsx saved
file output/tables/SI_results.xlsx saved
file output/tables/SI_results.xlsx saved
file output/tables/SI_results.xlsx saved
file output/tables/SI_results.xlsx saved
file output/tables/SI_results.xlsx saved
file output/tables/SI_results.xlsx saved
file output/tables/SI_results.xlsx saved
file output/tables/SI_results.xlsx saved
file output/tables/SI_results.xlsx saved
file output/tables/SI_results.xlsx saved
file output/tables/SI_results.xlsx saved
file output/tables/SI_results.xlsx saved
file output/tables/SI_results.xlsx saved
file output/tables/SI_results.xlsx saved
file output/tables/SI_results.xlsx saved
file output/tables/SI_results.xlsx saved
file output/tables/SI_results.xlsx saved
file output/tables/SI_results.xlsx saved
file output/tables/SI_results.xlsx saved
file output/tables/SI_results.xlsx saved
file output/tables/SI_results.xlsx saved
file output/tables/SI_results.xlsx saved
file output/tables/SI_results.xlsx saved
file output/tables/SI_results.xlsx saved
file output/tables/SI_results.xlsx saved
file output/tables/SI_results.xlsx saved
file output/tables/SI_results.xlsx saved
file output/tables/SI_results.xlsx saved
file output/tables/SI_results.xlsx saved
file output/tables/SI_results.xlsx saved
file output/tables/SI_results.xlsx saved
file output/tables/SI_results.xlsx saved
file output/tables/SI_results.xlsx saved
file output/tables/SI_results.xlsx saved
file output/tables/SI_results.xlsx saved
file output/tables/SI_results.xlsx saved
file output/tables/SI_results.xlsx saved
file output/tables/SI_results.xlsx saved
file output/tables/SI_results.xlsx saved
file output/tables/SI_results.xlsx saved
file output/tables/SI_results.xlsx saved
file output/tables/SI_results.xlsx saved
file output/tables/SI_results.xlsx saved
file output/tables/SI_results.xlsx saved
file output/tables/SI_results.xlsx saved
file output/tables/SI_results.xlsx saved
file output/tables/SI_results.xlsx saved
file output/tables/SI_results.xlsx saved
file output/tables/SI_results.xlsx saved
file output/tables/SI_results.xlsx saved
file output/tables/SI_results.xlsx saved
file output/tables/SI_results.xlsx saved
file output/tables/SI_results.xlsx saved
file output/tables/SI_results.xlsx saved
file output/tables/SI_results.xlsx saved
file output/tables/SI_results.xlsx saved
file output/tables/SI_results.xlsx saved
file output/tables/SI_results.xlsx saved
file output/tables/SI_results.xlsx saved
file output/tables/SI_results.xlsx saved
file output/tables/SI_results.xlsx saved
file output/tables/SI_results.xlsx saved
file output/tables/SI_results.xlsx saved
file output/tables/SI_results.xlsx saved
file output/tables/SI_results.xlsx saved
file output/tables/SI_results.xlsx saved
file output/tables/SI_results.xlsx saved
file output/tables/SI_results.xlsx saved
file output/tables/SI_results.xlsx saved
file output/tables/SI_results.xlsx saved
file output/tables/SI_results.xlsx saved
file output/tables/SI_results.xlsx saved
file output/tables/SI_results.xlsx saved
file output/tables/SI_results.xlsx saved
file output/tables/SI_results.xlsx saved
file output/tables/SI_results.xlsx saved
file output/tables/SI_results.xlsx saved
file output/tables/SI_results.xlsx saved
file output/tables/SI_results.xlsx saved
file output/tables/SI_results.xlsx saved
file output/tables/SI_results.xlsx saved
file output/tables/SI_results.xlsx saved
file output/tables/SI_results.xlsx saved
file output/tables/SI_results.xlsx saved
file output/tables/SI_results.xlsx saved
file output/tables/SI_results.xlsx saved
file output/tables/SI_results.xlsx saved
file output/tables/SI_results.xlsx saved

. 
. // =====================================================================
. // (5) Manipulation check — accordion timing (vars absent)
. // =====================================================================
. putexcel set "`xlsx'", sheet("manip_accordion_timing") modify

. putexcel A1 = "Accordion timing variables (q32_intro3_t, q32_intro5_t) not present in this dataset; manipulation check
>  therefore relies on prior beliefs (see tables/balance_tests.xlsx)."
file output/tables/SI_results.xlsx saved

. 
. di as txt _n "==> SI items written."

==> SI items written.

. 
end of do-file

. 
. di as txt _n "=== Step 8: console summary (Tables A4/A5) ==="

=== Step 8: console summary (Tables A4/A5) ===

. do "scripts/RnR_09_summary.do"

. // =====================================================================
. // RnR_09_summary.do
. // ---------------------------------------------------------------------
. // PURPOSE : Console + text summary of significance / BKY q / TOST equivalence for Figs 3-4.
. // INPUTS  : data/_analysis_data.dta
. // OUTPUTS : output/tables/_summary.txt (significance & equivalence; Tables A4/A5)
. // AUTHOR  : E. Keith Smith   |   DATE: 2026-09-18   |   STATA: 19.5
. // NOTE    : Run via master.do (sets wd once); relative paths only.
. // =====================================================================
. 
. // =====================================================================
. // RnR_09_summary.do — Console summary
. // For every primary contrast in Figs 3-4:
. //   - Significant at p<.05? (also BKY-sharpened q<.05)
. //   - TOST-bounded at SESOI=0.02? (smallest Δ ruled out < 0.02)
. //   - Neither.
. // Output: output/tables/_summary.txt and stdout.
. // =====================================================================
. 
. qui do "scripts/RnR_helpers.do"

. use "data/_analysis_data.dta", clear
(Public replication data - SEP Wave 12 food-waste experiment (anonymised))

. 
. tempname fh

. file open `fh' using "output/tables/_summary.txt", write replace
(file output/tables/_summary.txt not found)

. file write `fh' "Food Waste RnR — significance & equivalence summary" _n

. file write `fh' "===================================================" _n _n

. file write `fh' "SESOI = 0.02 on 0-1 POMS scale. BKY q-values are within-figure." _n _n

. 
. // Recompute p-values, then q-values within each figure, and store labels.
. local outcomes_fig3 vol gov busi

. local outcomes_fig4 info tax mandate

. 
. // ---------- Build the contrast list for Fig 3 ----------
. tempfile contrasts_fig3

. preserve

. clear

. set obs 0
Number of observations (_N) was 0, now 0.

. gen str10 outcome = ""

. gen str40 contrast = ""

. gen double b = .

. gen double se = .

. gen double pval = .

. gen str10 panel = ""

. save `contrasts_fig3', replace
(dataset contains 0 observations)
(file /var/folders/f7/fc0knvn50pn3gtxt52rdmm2c0000gr/T//St95334.000001 not found)
file /var/folders/f7/fc0knvn50pn3gtxt52rdmm2c0000gr/T//St95334.000001 saved as .dta format

. restore

. 
. foreach y in vol gov busi {
  2.     // Panel A: awareness on perception
.     quietly regress state_`y'_t_info i.treat_action_state
  3.     quietly margins, dydx(treat_action_state) post
  4.     matrix R = r(table)
  5.     local k = colnumb(R, "2.treat_action_state")
  6.     if `k' == . local k 1
  7.     local b  = R[1,`k']
  8.     local se = R[2,`k']
  9.     local p  = R[4,`k']
 10.     preserve
 11.     use `contrasts_fig3', clear
 12.     local newobs = _N + 1
 13.     set obs `newobs'
 14.     replace outcome = "`y'" in `newobs'
 15.     replace contrast = "awareness FW info vs FW no info" in `newobs'
 16.     replace b = `b' in `newobs'
 17.     replace se = `se' in `newobs'
 18.     replace pval = `p' in `newobs'
 19.     replace panel = "A" in `newobs'
 20.     save `contrasts_fig3', replace
 21.     restore
 22. 
.     // Panel B: effectiveness on perception Δ
.     quietly regress state_`y'_t_effect b1.treat_effect_3
 23.     quietly margins, dydx(treat_effect_3) post
 24.     matrix R = r(table)
 25.     foreach con in 2 3 {
 26.         local k = colnumb(R, "`con'.treat_effect_3")
 27.         if `k' == . local k `=`con''
 28.         local b  = R[1,`k']
 29.         local se = R[2,`k']
 30.         local p  = R[4,`k']
 31.         local clab = cond(`con'==2, "negative vs no-frame", "positive vs no-frame")
 32.         preserve
 33.         use `contrasts_fig3', clear
 34.         local newobs = _N + 1
 35.         set obs `newobs'
 36.         replace outcome = "`y'" in `newobs'
 37.         replace contrast = "`clab'" in `newobs'
 38.         replace b = `b' in `newobs'
 39.         replace se = `se' in `newobs'
 40.         replace pval = `p' in `newobs'
 41.         replace panel = "B" in `newobs'
 42.         save `contrasts_fig3', replace
 43.         restore
 44.     }
 45. }
Number of observations (_N) was 0, now 1.
(1 real change made)
(1 real change made)
(1 real change made)
(1 real change made)
(1 real change made)
(1 real change made)
file /var/folders/f7/fc0knvn50pn3gtxt52rdmm2c0000gr/T//St95334.000001 saved as .dta format
Number of observations (_N) was 1, now 2.
(1 real change made)
(1 real change made)
(1 real change made)
(1 real change made)
(1 real change made)
(1 real change made)
file /var/folders/f7/fc0knvn50pn3gtxt52rdmm2c0000gr/T//St95334.000001 saved as .dta format
Number of observations (_N) was 2, now 3.
(1 real change made)
(1 real change made)
(1 real change made)
(1 real change made)
(1 real change made)
(1 real change made)
file /var/folders/f7/fc0knvn50pn3gtxt52rdmm2c0000gr/T//St95334.000001 saved as .dta format
Number of observations (_N) was 3, now 4.
(1 real change made)
(1 real change made)
(1 real change made)
(1 real change made)
(1 real change made)
(1 real change made)
file /var/folders/f7/fc0knvn50pn3gtxt52rdmm2c0000gr/T//St95334.000001 saved as .dta format
Number of observations (_N) was 4, now 5.
(1 real change made)
(1 real change made)
(1 real change made)
(1 real change made)
(1 real change made)
(1 real change made)
file /var/folders/f7/fc0knvn50pn3gtxt52rdmm2c0000gr/T//St95334.000001 saved as .dta format
Number of observations (_N) was 5, now 6.
(1 real change made)
(1 real change made)
(1 real change made)
(1 real change made)
(1 real change made)
(1 real change made)
file /var/folders/f7/fc0knvn50pn3gtxt52rdmm2c0000gr/T//St95334.000001 saved as .dta format
Number of observations (_N) was 6, now 7.
(1 real change made)
(1 real change made)
(1 real change made)
(1 real change made)
(1 real change made)
(1 real change made)
file /var/folders/f7/fc0knvn50pn3gtxt52rdmm2c0000gr/T//St95334.000001 saved as .dta format
Number of observations (_N) was 7, now 8.
(1 real change made)
(1 real change made)
(1 real change made)
(1 real change made)
(1 real change made)
(1 real change made)
file /var/folders/f7/fc0knvn50pn3gtxt52rdmm2c0000gr/T//St95334.000001 saved as .dta format
Number of observations (_N) was 8, now 9.
(1 real change made)
(1 real change made)
(1 real change made)
(1 real change made)
(1 real change made)
(1 real change made)
file /var/folders/f7/fc0knvn50pn3gtxt52rdmm2c0000gr/T//St95334.000001 saved as .dta format

. 
. // ---------- Same for Fig 4 ----------
. tempfile contrasts_fig4

. preserve

. clear

. set obs 0
Number of observations (_N) was 0, now 0.

. gen str10 outcome = ""

. gen str40 contrast = ""

. gen double b = .

. gen double se = .

. gen double pval = .

. gen str10 panel = ""

. save `contrasts_fig4', replace
(dataset contains 0 observations)
(file /var/folders/f7/fc0knvn50pn3gtxt52rdmm2c0000gr/T//St95334.00000c not found)
file /var/folders/f7/fc0knvn50pn3gtxt52rdmm2c0000gr/T//St95334.00000c saved as .dta format

. restore

. 
. foreach y in info tax mandate {
  2.     quietly regress pol_supp_`y'_t_info i.treat_action_policy
  3.     quietly margins, dydx(treat_action_policy) post
  4.     matrix R = r(table)
  5.     local k = colnumb(R, "1.treat_action_policy")
  6.     if `k' == . local k 1
  7.     local b  = R[1,`k']
  8.     local se = R[2,`k']
  9.     local p  = R[4,`k']
 10.     preserve
 11.     use `contrasts_fig4', clear
 12.     local newobs = _N + 1
 13.     set obs `newobs'
 14.     replace outcome = "`y'" in `newobs'
 15.     replace contrast = "awareness FW info vs burden" in `newobs'
 16.     replace b = `b' in `newobs'
 17.     replace se = `se' in `newobs'
 18.     replace pval = `p' in `newobs'
 19.     replace panel = "A" in `newobs'
 20.     save `contrasts_fig4', replace
 21.     restore
 22. 
.     quietly regress pol_supp_`y'_t_effect b1.treat_effect
 23.     quietly margins, dydx(treat_effect) post
 24.     matrix R = r(table)
 25.     foreach con in 2 3 {
 26.         local k = colnumb(R, "`con'.treat_effect")
 27.         if `k' == . local k `=`con''
 28.         local b  = R[1,`k']
 29.         local se = R[2,`k']
 30.         local p  = R[4,`k']
 31.         local clab = cond(`con'==2, "negative vs no-frame", "positive vs no-frame")
 32.         preserve
 33.         use `contrasts_fig4', clear
 34.         local newobs = _N + 1
 35.         set obs `newobs'
 36.         replace outcome = "`y'" in `newobs'
 37.         replace contrast = "`clab'" in `newobs'
 38.         replace b = `b' in `newobs'
 39.         replace se = `se' in `newobs'
 40.         replace pval = `p' in `newobs'
 41.         replace panel = "B" in `newobs'
 42.         save `contrasts_fig4', replace
 43.         restore
 44.     }
 45. }
Number of observations (_N) was 0, now 1.
(1 real change made)
(1 real change made)
(1 real change made)
(1 real change made)
(1 real change made)
(1 real change made)
file /var/folders/f7/fc0knvn50pn3gtxt52rdmm2c0000gr/T//St95334.00000c saved as .dta format
Number of observations (_N) was 1, now 2.
(1 real change made)
(1 real change made)
(1 real change made)
(1 real change made)
(1 real change made)
(1 real change made)
file /var/folders/f7/fc0knvn50pn3gtxt52rdmm2c0000gr/T//St95334.00000c saved as .dta format
Number of observations (_N) was 2, now 3.
(1 real change made)
(1 real change made)
(1 real change made)
(1 real change made)
(1 real change made)
(1 real change made)
file /var/folders/f7/fc0knvn50pn3gtxt52rdmm2c0000gr/T//St95334.00000c saved as .dta format
Number of observations (_N) was 3, now 4.
(1 real change made)
(1 real change made)
(1 real change made)
(1 real change made)
(1 real change made)
(1 real change made)
file /var/folders/f7/fc0knvn50pn3gtxt52rdmm2c0000gr/T//St95334.00000c saved as .dta format
Number of observations (_N) was 4, now 5.
(1 real change made)
(1 real change made)
(1 real change made)
(1 real change made)
(1 real change made)
(1 real change made)
file /var/folders/f7/fc0knvn50pn3gtxt52rdmm2c0000gr/T//St95334.00000c saved as .dta format
Number of observations (_N) was 5, now 6.
(1 real change made)
(1 real change made)
(1 real change made)
(1 real change made)
(1 real change made)
(1 real change made)
file /var/folders/f7/fc0knvn50pn3gtxt52rdmm2c0000gr/T//St95334.00000c saved as .dta format
Number of observations (_N) was 6, now 7.
(1 real change made)
(1 real change made)
(1 real change made)
(1 real change made)
(1 real change made)
(1 real change made)
file /var/folders/f7/fc0knvn50pn3gtxt52rdmm2c0000gr/T//St95334.00000c saved as .dta format
Number of observations (_N) was 7, now 8.
(1 real change made)
(1 real change made)
(1 real change made)
(1 real change made)
(1 real change made)
(1 real change made)
file /var/folders/f7/fc0knvn50pn3gtxt52rdmm2c0000gr/T//St95334.00000c saved as .dta format
Number of observations (_N) was 8, now 9.
(1 real change made)
(1 real change made)
(1 real change made)
(1 real change made)
(1 real change made)
(1 real change made)
file /var/folders/f7/fc0knvn50pn3gtxt52rdmm2c0000gr/T//St95334.00000c saved as .dta format

. 
. // ---------- Summarise per figure ----------
. foreach figno in 3 4 {
  2.     preserve
  3.     use `contrasts_fig`figno'', clear
  4.     bky_qvalues pval, generate(qval)
  5.     gen double tost_p = .
  6.     gen double bound = .
  7.     forvalues i = 1/`=_N' {
  8.         tost_eq, coef(`=b[`i']') se(`=se[`i']') sesoi(0.02)
  9.         qui replace tost_p = r(tost_p) in `i'
 10.         qui replace bound  = r(equiv_bound) in `i'
 11.     }
 12.     gen byte sig_p   = pval < 0.05
 13.     gen byte sig_q   = qval < 0.05
 14.     gen byte equiv   = bound < 0.02
 15.     gen str20 verdict = ""
 16.     replace verdict = "significant"    if sig_p == 1
 17.     replace verdict = "equivalent"     if sig_p == 0 & equiv == 1
 18.     replace verdict = "inconclusive"   if sig_p == 0 & equiv == 0
 19. 
.     di as txt _n _n "=== Fig `figno' contrasts ==="
 20.     list panel outcome contrast b se pval qval bound verdict, ///
>         sepby(panel) noobs abbrev(20) divider
 21. 
.     file write `fh' _n "=== Fig `figno' ===" _n
 22.     file write `fh' _col(1) "panel" _col(8) "outcome" _col(20) "contrast" ///
>         _col(50) "b" _col(60) "p" _col(70) "q(BKY)" _col(82) "bound" _col(94) "verdict" _n
 23.     forvalues i = 1/`=_N' {
 24.         file write `fh' _col(1) (panel[`i']) ///
>             _col(8) (outcome[`i']) ///
>             _col(20) (contrast[`i']) ///
>             _col(50) %8.4f (b[`i']) ///
>             _col(60) %8.4f (pval[`i']) ///
>             _col(70) %8.4f (qval[`i']) ///
>             _col(82) %8.4f (bound[`i']) ///
>             _col(94) (verdict[`i']) _n
 25.     }
 26.     restore
 27. }
(9 missing values generated)
(9 missing values generated)
(9 missing values generated)
(6 real changes made)
(1 real change made)
(2 real changes made)


=== Fig 3 contrasts ===

  +----------------------------------------------------------------------------------------------------------------+
  | panel | outcome |                        contrast |          b |        se |      pval |      qval |     bound |
  |     B |     vol |            positive vs no-frame |  .04856955 | .00951393 | 3.506e-07 | 1.753e-06 | .06421996 |
  |----------------------------------------------------------------------------------------------------------------|
  |                                                       verdict                                                  |
  |                                                   significant                                                  |
  +----------------------------------------------------------------------------------------------------------------+

  +----------------------------------------------------------------------------------------------------------------+
  | panel | outcome |                        contrast |          b |        se |      pval |      qval |     bound |
  |     B |     vol |            negative vs no-frame | -.04078309 | .00947702 | .00001734 | .00004336 | .05637278 |
  |----------------------------------------------------------------------------------------------------------------|
  |                                                       verdict                                                  |
  |                                                   significant                                                  |
  +----------------------------------------------------------------------------------------------------------------+

  +----------------------------------------------------------------------------------------------------------------+
  | panel | outcome |                        contrast |          b |        se |      pval |      qval |     bound |
  |     B |     gov |            positive vs no-frame | -.02612241 | .00837731 | .00183585 | .00305975 | .03990309 |
  |----------------------------------------------------------------------------------------------------------------|
  |                                                       verdict                                                  |
  |                                                   significant                                                  |
  +----------------------------------------------------------------------------------------------------------------+

  +----------------------------------------------------------------------------------------------------------------+
  | panel | outcome |                        contrast |          b |        se |      pval |      qval |     bound |
  |     A |     gov | awareness FW info vs FW no info |  .02924156 | .01004749 | .00363553 | .00454441 | .04576968 |
  |----------------------------------------------------------------------------------------------------------------|
  |                                                       verdict                                                  |
  |                                                   significant                                                  |
  +----------------------------------------------------------------------------------------------------------------+

  +----------------------------------------------------------------------------------------------------------------+
  | panel | outcome |                        contrast |          b |        se |      pval |      qval |     bound |
  |     A |     vol | awareness FW info vs FW no info | -.01876951 | .00912072 | .03968238 | .03753715 |  .0337731 |
  |----------------------------------------------------------------------------------------------------------------|
  |                                                       verdict                                                  |
  |                                                   significant                                                  |
  +----------------------------------------------------------------------------------------------------------------+

  +----------------------------------------------------------------------------------------------------------------+
  | panel | outcome |                        contrast |          b |        se |      pval |      qval |     bound |
  |     A |    busi | awareness FW info vs FW no info | -.01968801 | .00981931 | .04504458 | .03753715 | .03584078 |
  |----------------------------------------------------------------------------------------------------------------|
  |                                                       verdict                                                  |
  |                                                   significant                                                  |
  +----------------------------------------------------------------------------------------------------------------+

  +----------------------------------------------------------------------------------------------------------------+
  | panel | outcome |                        contrast |          b |        se |      pval |      qval |     bound |
  |     B |     gov |            negative vs no-frame |  .01197134 | .00834717 | .15162036 | .10830026 | .02570244 |
  |----------------------------------------------------------------------------------------------------------------|
  |                                                       verdict                                                  |
  |                                                  inconclusive                                                  |
  +----------------------------------------------------------------------------------------------------------------+

  +----------------------------------------------------------------------------------------------------------------+
  | panel | outcome |                        contrast |          b |        se |      pval |      qval |     bound |
  |     B |    busi |            negative vs no-frame |  .00886465 | .00928217 | .33964157 | .21227598 | .02413383 |
  |----------------------------------------------------------------------------------------------------------------|
  |                                                       verdict                                                  |
  |                                                  inconclusive                                                  |
  +----------------------------------------------------------------------------------------------------------------+

  +----------------------------------------------------------------------------------------------------------------+
  | panel | outcome |                        contrast |          b |        se |      pval |      qval |     bound |
  |     B |    busi |            positive vs no-frame | -.00134113 | .00931805 | .88556609 | .49198116 | .01666932 |
  |----------------------------------------------------------------------------------------------------------------|
  |                                                       verdict                                                  |
  |                                                    equivalent                                                  |
  +----------------------------------------------------------------------------------------------------------------+
(9 missing values generated)
(9 missing values generated)
(9 missing values generated)
(3 real changes made)
(2 real changes made)
(4 real changes made)


=== Fig 4 contrasts ===

  +------------------------------------------------------------------------------------------------------------+
  | panel | outcome |                    contrast |          b |        se |      pval |      qval |     bound |
  |     A | mandate | awareness FW info vs burden |  .03254941 | .00758586 | .00001824 | .00012767 | .04502816 |
  |------------------------------------------------------------------------------------------------------------|
  |                                                     verdict                                                |
  |                                                 significant                                                |
  +------------------------------------------------------------------------------------------------------------+

  +------------------------------------------------------------------------------------------------------------+
  | panel | outcome |                    contrast |          b |        se |      pval |      qval |     bound |
  |     A |     tax | awareness FW info vs burden |  .02427108 | .00872785 | .00544594 | .01906077 | .03862839 |
  |------------------------------------------------------------------------------------------------------------|
  |                                                     verdict                                                |
  |                                                 significant                                                |
  +------------------------------------------------------------------------------------------------------------+

  +------------------------------------------------------------------------------------------------------------+
  | panel | outcome |                    contrast |          b |        se |      pval |      qval |     bound |
  |     A |    info | awareness FW info vs burden |  .01610103 |  .0069048 | .01975494 | .04609485 | .02745943 |
  |------------------------------------------------------------------------------------------------------------|
  |                                                     verdict                                                |
  |                                                 significant                                                |
  +------------------------------------------------------------------------------------------------------------+

  +------------------------------------------------------------------------------------------------------------+
  | panel | outcome |                    contrast |          b |        se |      pval |      qval |     bound |
  |     B |     tax |        positive vs no-frame | -.01496727 | .01037627 | .14927605 | .26123308 | .03203623 |
  |------------------------------------------------------------------------------------------------------------|
  |                                                     verdict                                                |
  |                                                inconclusive                                                |
  +------------------------------------------------------------------------------------------------------------+

  +------------------------------------------------------------------------------------------------------------+
  | panel | outcome |                    contrast |          b |        se |      pval |      qval |     bound |
  |     B | mandate |        positive vs no-frame | -.01023827 | .00893091 | .25172909 | .35242073 | .02492961 |
  |------------------------------------------------------------------------------------------------------------|
  |                                                     verdict                                                |
  |                                                inconclusive                                                |
  +------------------------------------------------------------------------------------------------------------+

  +------------------------------------------------------------------------------------------------------------+
  | panel | outcome |                    contrast |          b |        se |      pval |      qval |     bound |
  |     B |    info |        positive vs no-frame | -.00689486 | .00820702 | .40090675 | .46772454 | .02039541 |
  |------------------------------------------------------------------------------------------------------------|
  |                                                     verdict                                                |
  |                                                inconclusive                                                |
  +------------------------------------------------------------------------------------------------------------+

  +------------------------------------------------------------------------------------------------------------+
  | panel | outcome |                    contrast |          b |        se |      pval |      qval |     bound |
  |     B |    info |        negative vs no-frame | -.00542621 | .00817561 | .50692597 | .46879549 | .01887509 |
  |------------------------------------------------------------------------------------------------------------|
  |                                                     verdict                                                |
  |                                                  equivalent                                                |
  +------------------------------------------------------------------------------------------------------------+

  +------------------------------------------------------------------------------------------------------------+
  | panel | outcome |                    contrast |          b |        se |      pval |      qval |     bound |
  |     B |     tax |        negative vs no-frame |  .00639942 | .01033336 | .53576627 | .46879549 |  .0233978 |
  |------------------------------------------------------------------------------------------------------------|
  |                                                     verdict                                                |
  |                                                inconclusive                                                |
  +------------------------------------------------------------------------------------------------------------+

  +------------------------------------------------------------------------------------------------------------+
  | panel | outcome |                    contrast |          b |        se |      pval |      qval |     bound |
  |     B | mandate |        negative vs no-frame | -.00187685 | .00891011 |  .8331805 | .64802928 | .01653399 |
  |------------------------------------------------------------------------------------------------------------|
  |                                                     verdict                                                |
  |                                                  equivalent                                                |
  +------------------------------------------------------------------------------------------------------------+

. 
. file close `fh'

. type "output/tables/_summary.txt"
Food Waste RnR — significance & equivalence summary
===================================================

SESOI = 0.02 on 0-1 POMS scale. BKY q-values are within-figure.


=== Fig 3 ===
panel  outcome     contrast                      b         p         q(BKY)      bound       verdict
B      vol         positive vs no-frame            0.0486    0.0000    0.0000      0.0642    significant
B      vol         negative vs no-frame           -0.0408    0.0000    0.0000      0.0564    significant
B      gov         positive vs no-frame           -0.0261    0.0018    0.0031      0.0399    significant
A      gov         awareness FW info vs FW no info  0.0292   0.0036    0.0045      0.0458    significant
A      vol         awareness FW info vs FW no info -0.0188   0.0397    0.0375      0.0338    significant
A      busi        awareness FW info vs FW no info -0.0197   0.0450    0.0375      0.0358    significant
B      gov         negative vs no-frame            0.0120    0.1516    0.1083      0.0257    inconclusive
B      busi        negative vs no-frame            0.0089    0.3396    0.2123      0.0241    inconclusive
B      busi        positive vs no-frame           -0.0013    0.8856    0.4920      0.0167    equivalent

=== Fig 4 ===
panel  outcome     contrast                      b         p         q(BKY)      bound       verdict
A      mandate     awareness FW info vs burden     0.0325    0.0000    0.0001      0.0450    significant
A      tax         awareness FW info vs burden     0.0243    0.0054    0.0191      0.0386    significant
A      info        awareness FW info vs burden     0.0161    0.0198    0.0461      0.0275    significant
B      tax         positive vs no-frame           -0.0150    0.1493    0.2612      0.0320    inconclusive
B      mandate     positive vs no-frame           -0.0102    0.2517    0.3524      0.0249    inconclusive
B      info        positive vs no-frame           -0.0069    0.4009    0.4677      0.0204    inconclusive
B      info        negative vs no-frame           -0.0054    0.5069    0.4688      0.0189    equivalent
B      tax         negative vs no-frame            0.0064    0.5358    0.4688      0.0234    inconclusive
B      mandate     negative vs no-frame           -0.0019    0.8332    0.6480      0.0165    equivalent

. 
. di as txt _n "==> Summary written to output/tables/_summary.txt"

==> Summary written to output/tables/_summary.txt

. 
end of do-file

. 
. di as txt _n "=== Step 9: SI heterogeneity (Figs A3-A6) ==="

=== Step 9: SI heterogeneity (Figs A3-A6) ===

. do "scripts/RnR_10_SI_heterogeneity.do"

. // =====================================================================
. // RnR_10_SI_heterogeneity.do
. // ---------------------------------------------------------------------
. // PURPOSE : SI heterogeneity figures.
. //           Fig A3: env_att moderator on perception change scores.
. //           Figs A4/A5/A6: prior-belief moderators (vol/gov/busi) x
. //           (plan_industry/plan_effective/plan_goal), treat_action_state==2.
. // INPUTS  : data/_analysis_data.dta
. // OUTPUTS : output/figures/figA3_HTE_envatt.pdf
. //           output/figures/figA4_HTE_priors_vol.pdf  (voluntary measures)
. //           output/figures/figA5_HTE_priors_gov.pdf  (government measures)
. //           output/figures/figA6_HTE_priors_busi.pdf (non-participating firms)
. //           output/tables/SI_heterogeneity_envatt.xlsx
. //           output/tables/SI_heterogeneity_priors.xlsx
. // AUTHOR  : E. Keith Smith
. // DATE    : 2026-09-18   |   STATA: 19.5
. // NOTE    : Working directory / scheme are set in master.do; relative
. //           paths only. Does not modify any main analysis file.
. // =====================================================================
. 
. set more off

. 
. qui do "scripts/RnR_helpers.do"

. use "data/_analysis_data.dta", clear
(Public replication data - SEP Wave 12 food-waste experiment (anonymised))

. 
. // Map perception outcome -> paper SI figure number (vol=A4, gov=A5, busi=A6)
. local fnum_vol  A4

. local fnum_gov  A5

. local fnum_busi A6

. 
. local ti_vol  "Voluntary measures are sufficient"

. local ti_gov  "Government measures are needed"

. local ti_busi "Food businesses should be forced to reduce"

. 
. // Shorter outcome labels for the multi-panel grids (avoid title overlap).
. local sti_vol  "Voluntary sufficient"

. local sti_gov  "Government needed"

. local sti_busi "Businesses forced"

. 
. // =====================================================================
. // A. env_att moderator — SI Figure A3
. // =====================================================================
. local mod_label_envatt "Pro-environmental attitudes (z-score)"

. quietly sum env_att if treat_action_state==2

. local env_min = -2

. local env_max = 2

. local env_step = (`env_max' - `env_min')/8

. 
. foreach y in vol gov busi {
  2.     quietly regress state_`y'_t_effect b1.treat_effect_3##c.env_att ///
>         if treat_action_state==2
  3.     scalar N_envatt_`y' = e(N)
  4.     quietly test 2.treat_effect_3#c.env_att 3.treat_effect_3#c.env_att
  5.     scalar F_envatt_`y' = r(F)
  6.     scalar pF_envatt_`y' = r(p)
  7.     quietly margins, dydx(treat_effect_3) ///
>         at(env_att=(`env_min'(`env_step')`env_max'))
  8.     marginsplot, ///
>         ti("{bf:`ti_`y''}", s(small)) ///
>         xtitle("`mod_label_envatt'", s(small)) ///
>         ytitle("AME on Δ perception", s(small)) ///
>         ylab(-.10(0.05).10, format(%3.2f) labs(small)) ///
>         xlab(, format(%4.1f) labs(small)) ///
>         yline(0, lc(gs10) lp(dash)) ///
>         plot1opts(lc(maroon) mc(maroon)) ///
>         ci1opts(lc(maroon) recast(rline) lp(dash)) ///
>         plot2opts(lc(forest_green) mc(forest_green)) ///
>         ci2opts(lc(forest_green) recast(rline) lp(dash)) ///
>         legend(order(3 "Will not achieve goal" 4 "Will achieve goal") ///
>                rows(1) pos(6) si(small)) ///
>         name(siA2_`y', replace) nodraw
  9. }

Variables that uniquely identify margins: env_att _deriv

Variables that uniquely identify margins: env_att _deriv

Variables that uniquely identify margins: env_att _deriv

. 
. grc1leg2 siA2_vol siA2_gov siA2_busi, ///
>     ti("{bf:Heterogeneity in feedback effects}" "{bf:by `mod_label_envatt'}", s(small)) ///
>     rows(3) xsize(8) ysize(11) name(siA2, replace)
-grc1leg2- working...

. 
. gr export "output/figures/figA3_HTE_envatt.pdf", as(pdf) name("siA2") replace
file output/figures/figA3_HTE_envatt.pdf saved as PDF format

. 
. // ---------- Tables: one sheet per outcome ----------
. local xlsx_e "output/tables/SI_heterogeneity_envatt.xlsx"

. capture rm "`xlsx_e'"

. 
. // Margins gives, at each moderator value, the AME of negative and positive
. // frames vs no-frame reference. Use 9 grid points for the table.
. local env_step_tab = (`env_max' - `env_min')/8

. 
. local first_sheet = 1

. foreach y in vol gov busi {
  2.     quietly regress state_`y'_t_effect b1.treat_effect_3##c.env_att ///
>         if treat_action_state==2
  3.     quietly margins, dydx(treat_effect_3) ///
>         at(env_att=(`env_min'(`env_step_tab')`env_max')) post
  4.     matrix R = r(table)
  5.     if `first_sheet' == 1 {
  6.         putexcel set "`xlsx_e'", sheet("`y'") replace
  7.         local first_sheet = 0
  8.     }
  9.     else {
 10.         putexcel set "`xlsx_e'", sheet("`y'") modify
 11.     }
 12.     putexcel A1 = "SI Fig A3 - env_att moderator, outcome: Δ`y' (FW akt=1)"
 13.     local f_str  = strofreal(F_envatt_`y', "%6.3f")
 14.     local pf_str = strofreal(pF_envatt_`y', "%6.4f")
 15.     local nn_str = strofreal(N_envatt_`y')
 16.     local note = "Joint interaction F = `f_str', p = `pf_str', n = `nn_str'"
 17.     putexcel A2 = "`note'"
 18.     putexcel A4 = "Moderator value (env_att)"
 19.     putexcel B4 = "Treatment arm"
 20.     putexcel C4 = "AME"
 21.     putexcel D4 = "SE"
 22.     putexcel E4 = "95% CI lower"
 23.     putexcel F4 = "95% CI upper"
 24.     putexcel G4 = "n"
 25.     // dydx with 3-level factor (base=1) at 9 at points yields 27 columns:
.     // positions 1-9 = level 1 (omitted), 10-18 = level 2 (negative), 19-27 = level 3 (positive).
.     local row = 5
 26.     forvalues j = 1/9 {
 27.         local atval = `env_min' + (`j'-1) * `env_step_tab'
 28.         // negative (level 2): column 9 + j
.         local k = 9 + `j'
 29.         putexcel A`row' = (`atval')
 30.         putexcel B`row' = "Will not achieve goal vs no-frame"
 31.         putexcel C`row' = (R[1,`k'])
 32.         putexcel D`row' = (R[2,`k'])
 33.         putexcel E`row' = (R[5,`k'])
 34.         putexcel F`row' = (R[6,`k'])
 35.         putexcel G`row' = (N_envatt_`y')
 36.         local ++row
 37.         // positive (level 3): column 18 + j
.         local k = 18 + `j'
 38.         putexcel A`row' = (`atval')
 39.         putexcel B`row' = "Will achieve goal vs no-frame"
 40.         putexcel C`row' = (R[1,`k'])
 41.         putexcel D`row' = (R[2,`k'])
 42.         putexcel E`row' = (R[5,`k'])
 43.         putexcel F`row' = (R[6,`k'])
 44.         putexcel G`row' = (N_envatt_`y')
 45.         local ++row
 46.     }
 47. }
note: file will be replaced when the first putexcel command is issued.
file output/tables/SI_heterogeneity_envatt.xlsx saved
file output/tables/SI_heterogeneity_envatt.xlsx saved
file output/tables/SI_heterogeneity_envatt.xlsx saved
file output/tables/SI_heterogeneity_envatt.xlsx saved
file output/tables/SI_heterogeneity_envatt.xlsx saved
file output/tables/SI_heterogeneity_envatt.xlsx saved
file output/tables/SI_heterogeneity_envatt.xlsx saved
file output/tables/SI_heterogeneity_envatt.xlsx saved
file output/tables/SI_heterogeneity_envatt.xlsx saved
file output/tables/SI_heterogeneity_envatt.xlsx saved
file output/tables/SI_heterogeneity_envatt.xlsx saved
file output/tables/SI_heterogeneity_envatt.xlsx saved
file output/tables/SI_heterogeneity_envatt.xlsx saved
file output/tables/SI_heterogeneity_envatt.xlsx saved
file output/tables/SI_heterogeneity_envatt.xlsx saved
file output/tables/SI_heterogeneity_envatt.xlsx saved
file output/tables/SI_heterogeneity_envatt.xlsx saved
file output/tables/SI_heterogeneity_envatt.xlsx saved
file output/tables/SI_heterogeneity_envatt.xlsx saved
file output/tables/SI_heterogeneity_envatt.xlsx saved
file output/tables/SI_heterogeneity_envatt.xlsx saved
file output/tables/SI_heterogeneity_envatt.xlsx saved
file output/tables/SI_heterogeneity_envatt.xlsx saved
file output/tables/SI_heterogeneity_envatt.xlsx saved
file output/tables/SI_heterogeneity_envatt.xlsx saved
file output/tables/SI_heterogeneity_envatt.xlsx saved
file output/tables/SI_heterogeneity_envatt.xlsx saved
file output/tables/SI_heterogeneity_envatt.xlsx saved
file output/tables/SI_heterogeneity_envatt.xlsx saved
file output/tables/SI_heterogeneity_envatt.xlsx saved
file output/tables/SI_heterogeneity_envatt.xlsx saved
file output/tables/SI_heterogeneity_envatt.xlsx saved
file output/tables/SI_heterogeneity_envatt.xlsx saved
file output/tables/SI_heterogeneity_envatt.xlsx saved
file output/tables/SI_heterogeneity_envatt.xlsx saved
file output/tables/SI_heterogeneity_envatt.xlsx saved
file output/tables/SI_heterogeneity_envatt.xlsx saved
file output/tables/SI_heterogeneity_envatt.xlsx saved
file output/tables/SI_heterogeneity_envatt.xlsx saved
file output/tables/SI_heterogeneity_envatt.xlsx saved
file output/tables/SI_heterogeneity_envatt.xlsx saved
file output/tables/SI_heterogeneity_envatt.xlsx saved
file output/tables/SI_heterogeneity_envatt.xlsx saved
file output/tables/SI_heterogeneity_envatt.xlsx saved
file output/tables/SI_heterogeneity_envatt.xlsx saved
file output/tables/SI_heterogeneity_envatt.xlsx saved
file output/tables/SI_heterogeneity_envatt.xlsx saved
file output/tables/SI_heterogeneity_envatt.xlsx saved
file output/tables/SI_heterogeneity_envatt.xlsx saved
file output/tables/SI_heterogeneity_envatt.xlsx saved
file output/tables/SI_heterogeneity_envatt.xlsx saved
file output/tables/SI_heterogeneity_envatt.xlsx saved
file output/tables/SI_heterogeneity_envatt.xlsx saved
file output/tables/SI_heterogeneity_envatt.xlsx saved
file output/tables/SI_heterogeneity_envatt.xlsx saved
file output/tables/SI_heterogeneity_envatt.xlsx saved
file output/tables/SI_heterogeneity_envatt.xlsx saved
file output/tables/SI_heterogeneity_envatt.xlsx saved
file output/tables/SI_heterogeneity_envatt.xlsx saved
file output/tables/SI_heterogeneity_envatt.xlsx saved
file output/tables/SI_heterogeneity_envatt.xlsx saved
file output/tables/SI_heterogeneity_envatt.xlsx saved
file output/tables/SI_heterogeneity_envatt.xlsx saved
file output/tables/SI_heterogeneity_envatt.xlsx saved
file output/tables/SI_heterogeneity_envatt.xlsx saved
file output/tables/SI_heterogeneity_envatt.xlsx saved
file output/tables/SI_heterogeneity_envatt.xlsx saved
file output/tables/SI_heterogeneity_envatt.xlsx saved
file output/tables/SI_heterogeneity_envatt.xlsx saved
file output/tables/SI_heterogeneity_envatt.xlsx saved
file output/tables/SI_heterogeneity_envatt.xlsx saved
file output/tables/SI_heterogeneity_envatt.xlsx saved
file output/tables/SI_heterogeneity_envatt.xlsx saved
file output/tables/SI_heterogeneity_envatt.xlsx saved
file output/tables/SI_heterogeneity_envatt.xlsx saved
file output/tables/SI_heterogeneity_envatt.xlsx saved
file output/tables/SI_heterogeneity_envatt.xlsx saved
file output/tables/SI_heterogeneity_envatt.xlsx saved
file output/tables/SI_heterogeneity_envatt.xlsx saved
file output/tables/SI_heterogeneity_envatt.xlsx saved
file output/tables/SI_heterogeneity_envatt.xlsx saved
file output/tables/SI_heterogeneity_envatt.xlsx saved
file output/tables/SI_heterogeneity_envatt.xlsx saved
file output/tables/SI_heterogeneity_envatt.xlsx saved
file output/tables/SI_heterogeneity_envatt.xlsx saved
file output/tables/SI_heterogeneity_envatt.xlsx saved
file output/tables/SI_heterogeneity_envatt.xlsx saved
file output/tables/SI_heterogeneity_envatt.xlsx saved
file output/tables/SI_heterogeneity_envatt.xlsx saved
file output/tables/SI_heterogeneity_envatt.xlsx saved
file output/tables/SI_heterogeneity_envatt.xlsx saved
file output/tables/SI_heterogeneity_envatt.xlsx saved
file output/tables/SI_heterogeneity_envatt.xlsx saved
file output/tables/SI_heterogeneity_envatt.xlsx saved
file output/tables/SI_heterogeneity_envatt.xlsx saved
file output/tables/SI_heterogeneity_envatt.xlsx saved
file output/tables/SI_heterogeneity_envatt.xlsx saved
file output/tables/SI_heterogeneity_envatt.xlsx saved
file output/tables/SI_heterogeneity_envatt.xlsx saved
file output/tables/SI_heterogeneity_envatt.xlsx saved
file output/tables/SI_heterogeneity_envatt.xlsx saved
file output/tables/SI_heterogeneity_envatt.xlsx saved
file output/tables/SI_heterogeneity_envatt.xlsx saved
file output/tables/SI_heterogeneity_envatt.xlsx saved
file output/tables/SI_heterogeneity_envatt.xlsx saved
file output/tables/SI_heterogeneity_envatt.xlsx saved
file output/tables/SI_heterogeneity_envatt.xlsx saved
file output/tables/SI_heterogeneity_envatt.xlsx saved
file output/tables/SI_heterogeneity_envatt.xlsx saved
file output/tables/SI_heterogeneity_envatt.xlsx saved
file output/tables/SI_heterogeneity_envatt.xlsx saved
file output/tables/SI_heterogeneity_envatt.xlsx saved
file output/tables/SI_heterogeneity_envatt.xlsx saved
file output/tables/SI_heterogeneity_envatt.xlsx saved
file output/tables/SI_heterogeneity_envatt.xlsx saved
file output/tables/SI_heterogeneity_envatt.xlsx saved
file output/tables/SI_heterogeneity_envatt.xlsx saved
file output/tables/SI_heterogeneity_envatt.xlsx saved
file output/tables/SI_heterogeneity_envatt.xlsx saved
file output/tables/SI_heterogeneity_envatt.xlsx saved
file output/tables/SI_heterogeneity_envatt.xlsx saved
file output/tables/SI_heterogeneity_envatt.xlsx saved
file output/tables/SI_heterogeneity_envatt.xlsx saved
file output/tables/SI_heterogeneity_envatt.xlsx saved
file output/tables/SI_heterogeneity_envatt.xlsx saved
file output/tables/SI_heterogeneity_envatt.xlsx saved
file output/tables/SI_heterogeneity_envatt.xlsx saved
file output/tables/SI_heterogeneity_envatt.xlsx saved
file output/tables/SI_heterogeneity_envatt.xlsx saved
file output/tables/SI_heterogeneity_envatt.xlsx saved
file output/tables/SI_heterogeneity_envatt.xlsx saved
file output/tables/SI_heterogeneity_envatt.xlsx saved
file output/tables/SI_heterogeneity_envatt.xlsx saved
file output/tables/SI_heterogeneity_envatt.xlsx saved
file output/tables/SI_heterogeneity_envatt.xlsx saved
file output/tables/SI_heterogeneity_envatt.xlsx saved
file output/tables/SI_heterogeneity_envatt.xlsx saved
file output/tables/SI_heterogeneity_envatt.xlsx saved
file output/tables/SI_heterogeneity_envatt.xlsx saved
file output/tables/SI_heterogeneity_envatt.xlsx saved
file output/tables/SI_heterogeneity_envatt.xlsx saved
file output/tables/SI_heterogeneity_envatt.xlsx saved
file output/tables/SI_heterogeneity_envatt.xlsx saved
file output/tables/SI_heterogeneity_envatt.xlsx saved
file output/tables/SI_heterogeneity_envatt.xlsx saved
file output/tables/SI_heterogeneity_envatt.xlsx saved
file output/tables/SI_heterogeneity_envatt.xlsx saved
file output/tables/SI_heterogeneity_envatt.xlsx saved
file output/tables/SI_heterogeneity_envatt.xlsx saved
file output/tables/SI_heterogeneity_envatt.xlsx saved
file output/tables/SI_heterogeneity_envatt.xlsx saved
file output/tables/SI_heterogeneity_envatt.xlsx saved
file output/tables/SI_heterogeneity_envatt.xlsx saved
file output/tables/SI_heterogeneity_envatt.xlsx saved
file output/tables/SI_heterogeneity_envatt.xlsx saved
file output/tables/SI_heterogeneity_envatt.xlsx saved
file output/tables/SI_heterogeneity_envatt.xlsx saved
file output/tables/SI_heterogeneity_envatt.xlsx saved
file output/tables/SI_heterogeneity_envatt.xlsx saved
file output/tables/SI_heterogeneity_envatt.xlsx saved
file output/tables/SI_heterogeneity_envatt.xlsx saved
file output/tables/SI_heterogeneity_envatt.xlsx saved
file output/tables/SI_heterogeneity_envatt.xlsx saved
file output/tables/SI_heterogeneity_envatt.xlsx saved
file output/tables/SI_heterogeneity_envatt.xlsx saved
file output/tables/SI_heterogeneity_envatt.xlsx saved
file output/tables/SI_heterogeneity_envatt.xlsx saved
file output/tables/SI_heterogeneity_envatt.xlsx saved
file output/tables/SI_heterogeneity_envatt.xlsx saved
file output/tables/SI_heterogeneity_envatt.xlsx saved
file output/tables/SI_heterogeneity_envatt.xlsx saved
file output/tables/SI_heterogeneity_envatt.xlsx saved
file output/tables/SI_heterogeneity_envatt.xlsx saved
file output/tables/SI_heterogeneity_envatt.xlsx saved
file output/tables/SI_heterogeneity_envatt.xlsx saved
file output/tables/SI_heterogeneity_envatt.xlsx saved
file output/tables/SI_heterogeneity_envatt.xlsx saved
file output/tables/SI_heterogeneity_envatt.xlsx saved
file output/tables/SI_heterogeneity_envatt.xlsx saved
file output/tables/SI_heterogeneity_envatt.xlsx saved
file output/tables/SI_heterogeneity_envatt.xlsx saved
file output/tables/SI_heterogeneity_envatt.xlsx saved
file output/tables/SI_heterogeneity_envatt.xlsx saved
file output/tables/SI_heterogeneity_envatt.xlsx saved
file output/tables/SI_heterogeneity_envatt.xlsx saved
file output/tables/SI_heterogeneity_envatt.xlsx saved
file output/tables/SI_heterogeneity_envatt.xlsx saved
file output/tables/SI_heterogeneity_envatt.xlsx saved
file output/tables/SI_heterogeneity_envatt.xlsx saved
file output/tables/SI_heterogeneity_envatt.xlsx saved
file output/tables/SI_heterogeneity_envatt.xlsx saved
file output/tables/SI_heterogeneity_envatt.xlsx saved
file output/tables/SI_heterogeneity_envatt.xlsx saved
file output/tables/SI_heterogeneity_envatt.xlsx saved
file output/tables/SI_heterogeneity_envatt.xlsx saved
file output/tables/SI_heterogeneity_envatt.xlsx saved
file output/tables/SI_heterogeneity_envatt.xlsx saved
file output/tables/SI_heterogeneity_envatt.xlsx saved
file output/tables/SI_heterogeneity_envatt.xlsx saved
file output/tables/SI_heterogeneity_envatt.xlsx saved
file output/tables/SI_heterogeneity_envatt.xlsx saved
file output/tables/SI_heterogeneity_envatt.xlsx saved
file output/tables/SI_heterogeneity_envatt.xlsx saved
file output/tables/SI_heterogeneity_envatt.xlsx saved
file output/tables/SI_heterogeneity_envatt.xlsx saved
file output/tables/SI_heterogeneity_envatt.xlsx saved
file output/tables/SI_heterogeneity_envatt.xlsx saved
file output/tables/SI_heterogeneity_envatt.xlsx saved
file output/tables/SI_heterogeneity_envatt.xlsx saved
file output/tables/SI_heterogeneity_envatt.xlsx saved
file output/tables/SI_heterogeneity_envatt.xlsx saved
file output/tables/SI_heterogeneity_envatt.xlsx saved
file output/tables/SI_heterogeneity_envatt.xlsx saved
file output/tables/SI_heterogeneity_envatt.xlsx saved
file output/tables/SI_heterogeneity_envatt.xlsx saved
file output/tables/SI_heterogeneity_envatt.xlsx saved
file output/tables/SI_heterogeneity_envatt.xlsx saved
file output/tables/SI_heterogeneity_envatt.xlsx saved
file output/tables/SI_heterogeneity_envatt.xlsx saved
file output/tables/SI_heterogeneity_envatt.xlsx saved
file output/tables/SI_heterogeneity_envatt.xlsx saved
file output/tables/SI_heterogeneity_envatt.xlsx saved
file output/tables/SI_heterogeneity_envatt.xlsx saved
file output/tables/SI_heterogeneity_envatt.xlsx saved
file output/tables/SI_heterogeneity_envatt.xlsx saved
file output/tables/SI_heterogeneity_envatt.xlsx saved
file output/tables/SI_heterogeneity_envatt.xlsx saved
file output/tables/SI_heterogeneity_envatt.xlsx saved
file output/tables/SI_heterogeneity_envatt.xlsx saved
file output/tables/SI_heterogeneity_envatt.xlsx saved
file output/tables/SI_heterogeneity_envatt.xlsx saved
file output/tables/SI_heterogeneity_envatt.xlsx saved
file output/tables/SI_heterogeneity_envatt.xlsx saved
file output/tables/SI_heterogeneity_envatt.xlsx saved
file output/tables/SI_heterogeneity_envatt.xlsx saved
file output/tables/SI_heterogeneity_envatt.xlsx saved
file output/tables/SI_heterogeneity_envatt.xlsx saved
file output/tables/SI_heterogeneity_envatt.xlsx saved
file output/tables/SI_heterogeneity_envatt.xlsx saved
file output/tables/SI_heterogeneity_envatt.xlsx saved
file output/tables/SI_heterogeneity_envatt.xlsx saved
file output/tables/SI_heterogeneity_envatt.xlsx saved
file output/tables/SI_heterogeneity_envatt.xlsx saved
file output/tables/SI_heterogeneity_envatt.xlsx saved
file output/tables/SI_heterogeneity_envatt.xlsx saved
file output/tables/SI_heterogeneity_envatt.xlsx saved
file output/tables/SI_heterogeneity_envatt.xlsx saved
file output/tables/SI_heterogeneity_envatt.xlsx saved
file output/tables/SI_heterogeneity_envatt.xlsx saved
file output/tables/SI_heterogeneity_envatt.xlsx saved
file output/tables/SI_heterogeneity_envatt.xlsx saved
file output/tables/SI_heterogeneity_envatt.xlsx saved
file output/tables/SI_heterogeneity_envatt.xlsx saved
file output/tables/SI_heterogeneity_envatt.xlsx saved
file output/tables/SI_heterogeneity_envatt.xlsx saved
file output/tables/SI_heterogeneity_envatt.xlsx saved
file output/tables/SI_heterogeneity_envatt.xlsx saved
file output/tables/SI_heterogeneity_envatt.xlsx saved
file output/tables/SI_heterogeneity_envatt.xlsx saved
file output/tables/SI_heterogeneity_envatt.xlsx saved
file output/tables/SI_heterogeneity_envatt.xlsx saved
file output/tables/SI_heterogeneity_envatt.xlsx saved
file output/tables/SI_heterogeneity_envatt.xlsx saved
file output/tables/SI_heterogeneity_envatt.xlsx saved
file output/tables/SI_heterogeneity_envatt.xlsx saved
file output/tables/SI_heterogeneity_envatt.xlsx saved
file output/tables/SI_heterogeneity_envatt.xlsx saved
file output/tables/SI_heterogeneity_envatt.xlsx saved
file output/tables/SI_heterogeneity_envatt.xlsx saved
file output/tables/SI_heterogeneity_envatt.xlsx saved
file output/tables/SI_heterogeneity_envatt.xlsx saved
file output/tables/SI_heterogeneity_envatt.xlsx saved
file output/tables/SI_heterogeneity_envatt.xlsx saved
file output/tables/SI_heterogeneity_envatt.xlsx saved
file output/tables/SI_heterogeneity_envatt.xlsx saved
file output/tables/SI_heterogeneity_envatt.xlsx saved
file output/tables/SI_heterogeneity_envatt.xlsx saved
file output/tables/SI_heterogeneity_envatt.xlsx saved
file output/tables/SI_heterogeneity_envatt.xlsx saved
file output/tables/SI_heterogeneity_envatt.xlsx saved
file output/tables/SI_heterogeneity_envatt.xlsx saved
file output/tables/SI_heterogeneity_envatt.xlsx saved
file output/tables/SI_heterogeneity_envatt.xlsx saved
file output/tables/SI_heterogeneity_envatt.xlsx saved
file output/tables/SI_heterogeneity_envatt.xlsx saved
file output/tables/SI_heterogeneity_envatt.xlsx saved
file output/tables/SI_heterogeneity_envatt.xlsx saved
file output/tables/SI_heterogeneity_envatt.xlsx saved
file output/tables/SI_heterogeneity_envatt.xlsx saved
file output/tables/SI_heterogeneity_envatt.xlsx saved
file output/tables/SI_heterogeneity_envatt.xlsx saved
file output/tables/SI_heterogeneity_envatt.xlsx saved
file output/tables/SI_heterogeneity_envatt.xlsx saved
file output/tables/SI_heterogeneity_envatt.xlsx saved
file output/tables/SI_heterogeneity_envatt.xlsx saved
file output/tables/SI_heterogeneity_envatt.xlsx saved
file output/tables/SI_heterogeneity_envatt.xlsx saved
file output/tables/SI_heterogeneity_envatt.xlsx saved
file output/tables/SI_heterogeneity_envatt.xlsx saved
file output/tables/SI_heterogeneity_envatt.xlsx saved
file output/tables/SI_heterogeneity_envatt.xlsx saved
file output/tables/SI_heterogeneity_envatt.xlsx saved
file output/tables/SI_heterogeneity_envatt.xlsx saved
file output/tables/SI_heterogeneity_envatt.xlsx saved
file output/tables/SI_heterogeneity_envatt.xlsx saved
file output/tables/SI_heterogeneity_envatt.xlsx saved
file output/tables/SI_heterogeneity_envatt.xlsx saved
file output/tables/SI_heterogeneity_envatt.xlsx saved
file output/tables/SI_heterogeneity_envatt.xlsx saved
file output/tables/SI_heterogeneity_envatt.xlsx saved
file output/tables/SI_heterogeneity_envatt.xlsx saved
file output/tables/SI_heterogeneity_envatt.xlsx saved
file output/tables/SI_heterogeneity_envatt.xlsx saved
file output/tables/SI_heterogeneity_envatt.xlsx saved
file output/tables/SI_heterogeneity_envatt.xlsx saved
file output/tables/SI_heterogeneity_envatt.xlsx saved
file output/tables/SI_heterogeneity_envatt.xlsx saved
file output/tables/SI_heterogeneity_envatt.xlsx saved
file output/tables/SI_heterogeneity_envatt.xlsx saved
file output/tables/SI_heterogeneity_envatt.xlsx saved
file output/tables/SI_heterogeneity_envatt.xlsx saved
file output/tables/SI_heterogeneity_envatt.xlsx saved
file output/tables/SI_heterogeneity_envatt.xlsx saved
file output/tables/SI_heterogeneity_envatt.xlsx saved
file output/tables/SI_heterogeneity_envatt.xlsx saved
file output/tables/SI_heterogeneity_envatt.xlsx saved
file output/tables/SI_heterogeneity_envatt.xlsx saved
file output/tables/SI_heterogeneity_envatt.xlsx saved
file output/tables/SI_heterogeneity_envatt.xlsx saved
file output/tables/SI_heterogeneity_envatt.xlsx saved
file output/tables/SI_heterogeneity_envatt.xlsx saved
file output/tables/SI_heterogeneity_envatt.xlsx saved
file output/tables/SI_heterogeneity_envatt.xlsx saved
file output/tables/SI_heterogeneity_envatt.xlsx saved
file output/tables/SI_heterogeneity_envatt.xlsx saved
file output/tables/SI_heterogeneity_envatt.xlsx saved
file output/tables/SI_heterogeneity_envatt.xlsx saved
file output/tables/SI_heterogeneity_envatt.xlsx saved
file output/tables/SI_heterogeneity_envatt.xlsx saved
file output/tables/SI_heterogeneity_envatt.xlsx saved
file output/tables/SI_heterogeneity_envatt.xlsx saved
file output/tables/SI_heterogeneity_envatt.xlsx saved
file output/tables/SI_heterogeneity_envatt.xlsx saved
file output/tables/SI_heterogeneity_envatt.xlsx saved
file output/tables/SI_heterogeneity_envatt.xlsx saved
file output/tables/SI_heterogeneity_envatt.xlsx saved
file output/tables/SI_heterogeneity_envatt.xlsx saved
file output/tables/SI_heterogeneity_envatt.xlsx saved
file output/tables/SI_heterogeneity_envatt.xlsx saved
file output/tables/SI_heterogeneity_envatt.xlsx saved
file output/tables/SI_heterogeneity_envatt.xlsx saved
file output/tables/SI_heterogeneity_envatt.xlsx saved
file output/tables/SI_heterogeneity_envatt.xlsx saved
file output/tables/SI_heterogeneity_envatt.xlsx saved
file output/tables/SI_heterogeneity_envatt.xlsx saved
file output/tables/SI_heterogeneity_envatt.xlsx saved
file output/tables/SI_heterogeneity_envatt.xlsx saved
file output/tables/SI_heterogeneity_envatt.xlsx saved
file output/tables/SI_heterogeneity_envatt.xlsx saved
file output/tables/SI_heterogeneity_envatt.xlsx saved
file output/tables/SI_heterogeneity_envatt.xlsx saved
file output/tables/SI_heterogeneity_envatt.xlsx saved
file output/tables/SI_heterogeneity_envatt.xlsx saved
file output/tables/SI_heterogeneity_envatt.xlsx saved
file output/tables/SI_heterogeneity_envatt.xlsx saved
file output/tables/SI_heterogeneity_envatt.xlsx saved
file output/tables/SI_heterogeneity_envatt.xlsx saved
file output/tables/SI_heterogeneity_envatt.xlsx saved
file output/tables/SI_heterogeneity_envatt.xlsx saved
file output/tables/SI_heterogeneity_envatt.xlsx saved
file output/tables/SI_heterogeneity_envatt.xlsx saved
file output/tables/SI_heterogeneity_envatt.xlsx saved
file output/tables/SI_heterogeneity_envatt.xlsx saved
file output/tables/SI_heterogeneity_envatt.xlsx saved
file output/tables/SI_heterogeneity_envatt.xlsx saved
file output/tables/SI_heterogeneity_envatt.xlsx saved
file output/tables/SI_heterogeneity_envatt.xlsx saved
file output/tables/SI_heterogeneity_envatt.xlsx saved
file output/tables/SI_heterogeneity_envatt.xlsx saved
file output/tables/SI_heterogeneity_envatt.xlsx saved
file output/tables/SI_heterogeneity_envatt.xlsx saved
file output/tables/SI_heterogeneity_envatt.xlsx saved
file output/tables/SI_heterogeneity_envatt.xlsx saved
file output/tables/SI_heterogeneity_envatt.xlsx saved
file output/tables/SI_heterogeneity_envatt.xlsx saved
file output/tables/SI_heterogeneity_envatt.xlsx saved
file output/tables/SI_heterogeneity_envatt.xlsx saved
file output/tables/SI_heterogeneity_envatt.xlsx saved
file output/tables/SI_heterogeneity_envatt.xlsx saved
file output/tables/SI_heterogeneity_envatt.xlsx saved
file output/tables/SI_heterogeneity_envatt.xlsx saved
file output/tables/SI_heterogeneity_envatt.xlsx saved
file output/tables/SI_heterogeneity_envatt.xlsx saved
file output/tables/SI_heterogeneity_envatt.xlsx saved
file output/tables/SI_heterogeneity_envatt.xlsx saved
file output/tables/SI_heterogeneity_envatt.xlsx saved
file output/tables/SI_heterogeneity_envatt.xlsx saved
file output/tables/SI_heterogeneity_envatt.xlsx saved
file output/tables/SI_heterogeneity_envatt.xlsx saved
file output/tables/SI_heterogeneity_envatt.xlsx saved
file output/tables/SI_heterogeneity_envatt.xlsx saved
file output/tables/SI_heterogeneity_envatt.xlsx saved
file output/tables/SI_heterogeneity_envatt.xlsx saved
file output/tables/SI_heterogeneity_envatt.xlsx saved
file output/tables/SI_heterogeneity_envatt.xlsx saved

. 
. di as txt _n "==> SI Figure A3 (env_att) + table written."

==> SI Figure A3 (env_att) + table written.

. 
. // =====================================================================
. // B. Prior-belief moderators — SI Figures A4-A6 (3 × 3 grid)
. // =====================================================================
. 
. local priors plan_industry plan_effective plan_goal

. local prior_label_plan_industry  "Industry will reduce FW"

. local prior_label_plan_effective "Plan will be effective"

. local prior_label_plan_goal      "Plan will achieve 50% goal"

. 
. foreach y in vol gov busi {
  2.     foreach p of local priors {
  3.         quietly regress state_`y'_t_effect b1.treat_effect_3##c.`p' ///
>             if treat_action_state==2
  4.         scalar N_`y'_`p' = e(N)
  5.         quietly test 2.treat_effect_3#c.`p' 3.treat_effect_3#c.`p'
  6.         scalar F_`y'_`p' = r(F)
  7.         scalar pF_`y'_`p' = r(p)
  8.         quietly margins, dydx(treat_effect_3) at(`p'=(0 0.25 0.5 0.75 1))
  9.         marginsplot, ///
>             ti("{bf:`prior_label_`p''}", s(small)) ///
>             ytitle("AME on Δ perception", s(small)) ///
>             ylab(-.15(0.05).15, format(%3.2f) labs(small)) ///
>             xlab(0(0.25)1, labs(small) format(%3.2f)) ///
>                         xti("") ///
>             yline(0, lc(gs10) lp(dash)) ///
>             plot1opts(lc(maroon) mc(maroon)) ///
>             ci1opts(lc(maroon) recast(rline) lp(dash)) ///
>             plot2opts(lc(forest_green) mc(forest_green)) ///
>             ci2opts(lc(forest_green) recast(rline) lp(dash)) ///
>             legend(order(3 "Will not achieve goal" 4 "Will achieve goal") ///
>                    rows(1) pos(6) si(small)) ///
>             name(siA3_`y'_`p', replace) nodraw
 10.     }
 11. grc1leg2 ///
>     siA3_`y'_plan_industry  siA3_`y'_plan_effective  siA3_`y'_plan_goal ///
>         , ti("{bf:Heterogeneity in feedback effects}" ///
>                 "{bf:on `ti_`y''}" ///
>          "{bf:by prior beliefs}", s(medium)) ///
>     rows(3) xsize(8) ysize(11) name(siA3_`y', replace)
 12. 
. local fnum "`fnum_`y''"   // vol->A4, gov->A5, busi->A6
 13. gr export "output/figures/fig`fnum'_HTE_priors_`y'.pdf", as(pdf) name("siA3_`y'") replace
 14. 
. }

Variables that uniquely identify margins: plan_industry _deriv

Variables that uniquely identify margins: plan_effective _deriv

Variables that uniquely identify margins: plan_goal _deriv
-grc1leg2- working...
file output/figures/figA4_HTE_priors_vol.pdf saved as PDF format

Variables that uniquely identify margins: plan_industry _deriv

Variables that uniquely identify margins: plan_effective _deriv

Variables that uniquely identify margins: plan_goal _deriv
-grc1leg2- working...
file output/figures/figA5_HTE_priors_gov.pdf saved as PDF format

Variables that uniquely identify margins: plan_industry _deriv

Variables that uniquely identify margins: plan_effective _deriv

Variables that uniquely identify margins: plan_goal _deriv
-grc1leg2- working...
file output/figures/figA6_HTE_priors_busi.pdf saved as PDF format

. 
. 
. // ---------- Long-format table + joint F-tests ----------
. local xlsx_p "output/tables/SI_heterogeneity_priors.xlsx"

. capture rm "`xlsx_p'"

. 
. putexcel set "`xlsx_p'", sheet("AMEs_long") replace
note: file will be replaced when the first putexcel command is issued.

. putexcel A1 = "SI Figs A4-A6 - AMEs by outcome × prior × moderator value × frame, FW akt=1"
file output/tables/SI_heterogeneity_priors.xlsx saved

. putexcel A3 = "Outcome"
file output/tables/SI_heterogeneity_priors.xlsx saved

. putexcel B3 = "Prior moderator"
file output/tables/SI_heterogeneity_priors.xlsx saved

. putexcel C3 = "Moderator value"
file output/tables/SI_heterogeneity_priors.xlsx saved

. putexcel D3 = "Treatment arm"
file output/tables/SI_heterogeneity_priors.xlsx saved

. putexcel E3 = "AME"
file output/tables/SI_heterogeneity_priors.xlsx saved

. putexcel F3 = "SE"
file output/tables/SI_heterogeneity_priors.xlsx saved

. putexcel G3 = "95% CI lower"
file output/tables/SI_heterogeneity_priors.xlsx saved

. putexcel H3 = "95% CI upper"
file output/tables/SI_heterogeneity_priors.xlsx saved

. putexcel I3 = "n"
file output/tables/SI_heterogeneity_priors.xlsx saved

. local row = 4

. 
. foreach y in vol gov busi {
  2.     foreach p of local priors {
  3.         quietly regress state_`y'_t_effect b1.treat_effect_3##c.`p' ///
>             if treat_action_state==2
  4.         quietly margins, dydx(treat_effect_3) ///
>             at(`p'=(0 0.25 0.5 0.75 1)) post
  5.         matrix R = r(table)
  6.         // 5 at points × 3 levels = 15 columns. Cols 1-5: level 1 (omitted),
.         // 6-10: level 2 (negative), 11-15: level 3 (positive).
.         local atvals 0 0.25 0.5 0.75 1
  7.         forvalues j = 1/5 {
  8.             local av : word `j' of `atvals'
  9.             // Negative
.             local k = 5 + `j'
 10.             putexcel A`row' = "`y'"
 11.             putexcel B`row' = "`p'"
 12.             putexcel C`row' = (`av')
 13.             putexcel D`row' = "Will not achieve goal vs no-frame"
 14.             putexcel E`row' = (R[1,`k'])
 15.             putexcel F`row' = (R[2,`k'])
 16.             putexcel G`row' = (R[5,`k'])
 17.             putexcel H`row' = (R[6,`k'])
 18.             putexcel I`row' = (N_`y'_`p')
 19.             local ++row
 20.             // Positive
.             local k = 10 + `j'
 21.             putexcel A`row' = "`y'"
 22.             putexcel B`row' = "`p'"
 23.             putexcel C`row' = (`av')
 24.             putexcel D`row' = "Will achieve goal vs no-frame"
 25.             putexcel E`row' = (R[1,`k'])
 26.             putexcel F`row' = (R[2,`k'])
 27.             putexcel G`row' = (R[5,`k'])
 28.             putexcel H`row' = (R[6,`k'])
 29.             putexcel I`row' = (N_`y'_`p')
 30.             local ++row
 31.         }
 32.     }
 33. }
file output/tables/SI_heterogeneity_priors.xlsx saved
file output/tables/SI_heterogeneity_priors.xlsx saved
file output/tables/SI_heterogeneity_priors.xlsx saved
file output/tables/SI_heterogeneity_priors.xlsx saved
file output/tables/SI_heterogeneity_priors.xlsx saved
file output/tables/SI_heterogeneity_priors.xlsx saved
file output/tables/SI_heterogeneity_priors.xlsx saved
file output/tables/SI_heterogeneity_priors.xlsx saved
file output/tables/SI_heterogeneity_priors.xlsx saved
file output/tables/SI_heterogeneity_priors.xlsx saved
file output/tables/SI_heterogeneity_priors.xlsx saved
file output/tables/SI_heterogeneity_priors.xlsx saved
file output/tables/SI_heterogeneity_priors.xlsx saved
file output/tables/SI_heterogeneity_priors.xlsx saved
file output/tables/SI_heterogeneity_priors.xlsx saved
file output/tables/SI_heterogeneity_priors.xlsx saved
file output/tables/SI_heterogeneity_priors.xlsx saved
file output/tables/SI_heterogeneity_priors.xlsx saved
file output/tables/SI_heterogeneity_priors.xlsx saved
file output/tables/SI_heterogeneity_priors.xlsx saved
file output/tables/SI_heterogeneity_priors.xlsx saved
file output/tables/SI_heterogeneity_priors.xlsx saved
file output/tables/SI_heterogeneity_priors.xlsx saved
file output/tables/SI_heterogeneity_priors.xlsx saved
file output/tables/SI_heterogeneity_priors.xlsx saved
file output/tables/SI_heterogeneity_priors.xlsx saved
file output/tables/SI_heterogeneity_priors.xlsx saved
file output/tables/SI_heterogeneity_priors.xlsx saved
file output/tables/SI_heterogeneity_priors.xlsx saved
file output/tables/SI_heterogeneity_priors.xlsx saved
file output/tables/SI_heterogeneity_priors.xlsx saved
file output/tables/SI_heterogeneity_priors.xlsx saved
file output/tables/SI_heterogeneity_priors.xlsx saved
file output/tables/SI_heterogeneity_priors.xlsx saved
file output/tables/SI_heterogeneity_priors.xlsx saved
file output/tables/SI_heterogeneity_priors.xlsx saved
file output/tables/SI_heterogeneity_priors.xlsx saved
file output/tables/SI_heterogeneity_priors.xlsx saved
file output/tables/SI_heterogeneity_priors.xlsx saved
file output/tables/SI_heterogeneity_priors.xlsx saved
file output/tables/SI_heterogeneity_priors.xlsx saved
file output/tables/SI_heterogeneity_priors.xlsx saved
file output/tables/SI_heterogeneity_priors.xlsx saved
file output/tables/SI_heterogeneity_priors.xlsx saved
file output/tables/SI_heterogeneity_priors.xlsx saved
file output/tables/SI_heterogeneity_priors.xlsx saved
file output/tables/SI_heterogeneity_priors.xlsx saved
file output/tables/SI_heterogeneity_priors.xlsx saved
file output/tables/SI_heterogeneity_priors.xlsx saved
file output/tables/SI_heterogeneity_priors.xlsx saved
file output/tables/SI_heterogeneity_priors.xlsx saved
file output/tables/SI_heterogeneity_priors.xlsx saved
file output/tables/SI_heterogeneity_priors.xlsx saved
file output/tables/SI_heterogeneity_priors.xlsx saved
file output/tables/SI_heterogeneity_priors.xlsx saved
file output/tables/SI_heterogeneity_priors.xlsx saved
file output/tables/SI_heterogeneity_priors.xlsx saved
file output/tables/SI_heterogeneity_priors.xlsx saved
file output/tables/SI_heterogeneity_priors.xlsx saved
file output/tables/SI_heterogeneity_priors.xlsx saved
file output/tables/SI_heterogeneity_priors.xlsx saved
file output/tables/SI_heterogeneity_priors.xlsx saved
file output/tables/SI_heterogeneity_priors.xlsx saved
file output/tables/SI_heterogeneity_priors.xlsx saved
file output/tables/SI_heterogeneity_priors.xlsx saved
file output/tables/SI_heterogeneity_priors.xlsx saved
file output/tables/SI_heterogeneity_priors.xlsx saved
file output/tables/SI_heterogeneity_priors.xlsx saved
file output/tables/SI_heterogeneity_priors.xlsx saved
file output/tables/SI_heterogeneity_priors.xlsx saved
file output/tables/SI_heterogeneity_priors.xlsx saved
file output/tables/SI_heterogeneity_priors.xlsx saved
file output/tables/SI_heterogeneity_priors.xlsx saved
file output/tables/SI_heterogeneity_priors.xlsx saved
file output/tables/SI_heterogeneity_priors.xlsx saved
file output/tables/SI_heterogeneity_priors.xlsx saved
file output/tables/SI_heterogeneity_priors.xlsx saved
file output/tables/SI_heterogeneity_priors.xlsx saved
file output/tables/SI_heterogeneity_priors.xlsx saved
file output/tables/SI_heterogeneity_priors.xlsx saved
file output/tables/SI_heterogeneity_priors.xlsx saved
file output/tables/SI_heterogeneity_priors.xlsx saved
file output/tables/SI_heterogeneity_priors.xlsx saved
file output/tables/SI_heterogeneity_priors.xlsx saved
file output/tables/SI_heterogeneity_priors.xlsx saved
file output/tables/SI_heterogeneity_priors.xlsx saved
file output/tables/SI_heterogeneity_priors.xlsx saved
file output/tables/SI_heterogeneity_priors.xlsx saved
file output/tables/SI_heterogeneity_priors.xlsx saved
file output/tables/SI_heterogeneity_priors.xlsx saved
file output/tables/SI_heterogeneity_priors.xlsx saved
file output/tables/SI_heterogeneity_priors.xlsx saved
file output/tables/SI_heterogeneity_priors.xlsx saved
file output/tables/SI_heterogeneity_priors.xlsx saved
file output/tables/SI_heterogeneity_priors.xlsx saved
file output/tables/SI_heterogeneity_priors.xlsx saved
file output/tables/SI_heterogeneity_priors.xlsx saved
file output/tables/SI_heterogeneity_priors.xlsx saved
file output/tables/SI_heterogeneity_priors.xlsx saved
file output/tables/SI_heterogeneity_priors.xlsx saved
file output/tables/SI_heterogeneity_priors.xlsx saved
file output/tables/SI_heterogeneity_priors.xlsx saved
file output/tables/SI_heterogeneity_priors.xlsx saved
file output/tables/SI_heterogeneity_priors.xlsx saved
file output/tables/SI_heterogeneity_priors.xlsx saved
file output/tables/SI_heterogeneity_priors.xlsx saved
file output/tables/SI_heterogeneity_priors.xlsx saved
file output/tables/SI_heterogeneity_priors.xlsx saved
file output/tables/SI_heterogeneity_priors.xlsx saved
file output/tables/SI_heterogeneity_priors.xlsx saved
file output/tables/SI_heterogeneity_priors.xlsx saved
file output/tables/SI_heterogeneity_priors.xlsx saved
file output/tables/SI_heterogeneity_priors.xlsx saved
file output/tables/SI_heterogeneity_priors.xlsx saved
file output/tables/SI_heterogeneity_priors.xlsx saved
file output/tables/SI_heterogeneity_priors.xlsx saved
file output/tables/SI_heterogeneity_priors.xlsx saved
file output/tables/SI_heterogeneity_priors.xlsx saved
file output/tables/SI_heterogeneity_priors.xlsx saved
file output/tables/SI_heterogeneity_priors.xlsx saved
file output/tables/SI_heterogeneity_priors.xlsx saved
file output/tables/SI_heterogeneity_priors.xlsx saved
file output/tables/SI_heterogeneity_priors.xlsx saved
file output/tables/SI_heterogeneity_priors.xlsx saved
file output/tables/SI_heterogeneity_priors.xlsx saved
file output/tables/SI_heterogeneity_priors.xlsx saved
file output/tables/SI_heterogeneity_priors.xlsx saved
file output/tables/SI_heterogeneity_priors.xlsx saved
file output/tables/SI_heterogeneity_priors.xlsx saved
file output/tables/SI_heterogeneity_priors.xlsx saved
file output/tables/SI_heterogeneity_priors.xlsx saved
file output/tables/SI_heterogeneity_priors.xlsx saved
file output/tables/SI_heterogeneity_priors.xlsx saved
file output/tables/SI_heterogeneity_priors.xlsx saved
file output/tables/SI_heterogeneity_priors.xlsx saved
file output/tables/SI_heterogeneity_priors.xlsx saved
file output/tables/SI_heterogeneity_priors.xlsx saved
file output/tables/SI_heterogeneity_priors.xlsx saved
file output/tables/SI_heterogeneity_priors.xlsx saved
file output/tables/SI_heterogeneity_priors.xlsx saved
file output/tables/SI_heterogeneity_priors.xlsx saved
file output/tables/SI_heterogeneity_priors.xlsx saved
file output/tables/SI_heterogeneity_priors.xlsx saved
file output/tables/SI_heterogeneity_priors.xlsx saved
file output/tables/SI_heterogeneity_priors.xlsx saved
file output/tables/SI_heterogeneity_priors.xlsx saved
file output/tables/SI_heterogeneity_priors.xlsx saved
file output/tables/SI_heterogeneity_priors.xlsx saved
file output/tables/SI_heterogeneity_priors.xlsx saved
file output/tables/SI_heterogeneity_priors.xlsx saved
file output/tables/SI_heterogeneity_priors.xlsx saved
file output/tables/SI_heterogeneity_priors.xlsx saved
file output/tables/SI_heterogeneity_priors.xlsx saved
file output/tables/SI_heterogeneity_priors.xlsx saved
file output/tables/SI_heterogeneity_priors.xlsx saved
file output/tables/SI_heterogeneity_priors.xlsx saved
file output/tables/SI_heterogeneity_priors.xlsx saved
file output/tables/SI_heterogeneity_priors.xlsx saved
file output/tables/SI_heterogeneity_priors.xlsx saved
file output/tables/SI_heterogeneity_priors.xlsx saved
file output/tables/SI_heterogeneity_priors.xlsx saved
file output/tables/SI_heterogeneity_priors.xlsx saved
file output/tables/SI_heterogeneity_priors.xlsx saved
file output/tables/SI_heterogeneity_priors.xlsx saved
file output/tables/SI_heterogeneity_priors.xlsx saved
file output/tables/SI_heterogeneity_priors.xlsx saved
file output/tables/SI_heterogeneity_priors.xlsx saved
file output/tables/SI_heterogeneity_priors.xlsx saved
file output/tables/SI_heterogeneity_priors.xlsx saved
file output/tables/SI_heterogeneity_priors.xlsx saved
file output/tables/SI_heterogeneity_priors.xlsx saved
file output/tables/SI_heterogeneity_priors.xlsx saved
file output/tables/SI_heterogeneity_priors.xlsx saved
file output/tables/SI_heterogeneity_priors.xlsx saved
file output/tables/SI_heterogeneity_priors.xlsx saved
file output/tables/SI_heterogeneity_priors.xlsx saved
file output/tables/SI_heterogeneity_priors.xlsx saved
file output/tables/SI_heterogeneity_priors.xlsx saved
file output/tables/SI_heterogeneity_priors.xlsx saved
file output/tables/SI_heterogeneity_priors.xlsx saved
file output/tables/SI_heterogeneity_priors.xlsx saved
file output/tables/SI_heterogeneity_priors.xlsx saved
file output/tables/SI_heterogeneity_priors.xlsx saved
file output/tables/SI_heterogeneity_priors.xlsx saved
file output/tables/SI_heterogeneity_priors.xlsx saved
file output/tables/SI_heterogeneity_priors.xlsx saved
file output/tables/SI_heterogeneity_priors.xlsx saved
file output/tables/SI_heterogeneity_priors.xlsx saved
file output/tables/SI_heterogeneity_priors.xlsx saved
file output/tables/SI_heterogeneity_priors.xlsx saved
file output/tables/SI_heterogeneity_priors.xlsx saved
file output/tables/SI_heterogeneity_priors.xlsx saved
file output/tables/SI_heterogeneity_priors.xlsx saved
file output/tables/SI_heterogeneity_priors.xlsx saved
file output/tables/SI_heterogeneity_priors.xlsx saved
file output/tables/SI_heterogeneity_priors.xlsx saved
file output/tables/SI_heterogeneity_priors.xlsx saved
file output/tables/SI_heterogeneity_priors.xlsx saved
file output/tables/SI_heterogeneity_priors.xlsx saved
file output/tables/SI_heterogeneity_priors.xlsx saved
file output/tables/SI_heterogeneity_priors.xlsx saved
file output/tables/SI_heterogeneity_priors.xlsx saved
file output/tables/SI_heterogeneity_priors.xlsx saved
file output/tables/SI_heterogeneity_priors.xlsx saved
file output/tables/SI_heterogeneity_priors.xlsx saved
file output/tables/SI_heterogeneity_priors.xlsx saved
file output/tables/SI_heterogeneity_priors.xlsx saved
file output/tables/SI_heterogeneity_priors.xlsx saved
file output/tables/SI_heterogeneity_priors.xlsx saved
file output/tables/SI_heterogeneity_priors.xlsx saved
file output/tables/SI_heterogeneity_priors.xlsx saved
file output/tables/SI_heterogeneity_priors.xlsx saved
file output/tables/SI_heterogeneity_priors.xlsx saved
file output/tables/SI_heterogeneity_priors.xlsx saved
file output/tables/SI_heterogeneity_priors.xlsx saved
file output/tables/SI_heterogeneity_priors.xlsx saved
file output/tables/SI_heterogeneity_priors.xlsx saved
file output/tables/SI_heterogeneity_priors.xlsx saved
file output/tables/SI_heterogeneity_priors.xlsx saved
file output/tables/SI_heterogeneity_priors.xlsx saved
file output/tables/SI_heterogeneity_priors.xlsx saved
file output/tables/SI_heterogeneity_priors.xlsx saved
file output/tables/SI_heterogeneity_priors.xlsx saved
file output/tables/SI_heterogeneity_priors.xlsx saved
file output/tables/SI_heterogeneity_priors.xlsx saved
file output/tables/SI_heterogeneity_priors.xlsx saved
file output/tables/SI_heterogeneity_priors.xlsx saved
file output/tables/SI_heterogeneity_priors.xlsx saved
file output/tables/SI_heterogeneity_priors.xlsx saved
file output/tables/SI_heterogeneity_priors.xlsx saved
file output/tables/SI_heterogeneity_priors.xlsx saved
file output/tables/SI_heterogeneity_priors.xlsx saved
file output/tables/SI_heterogeneity_priors.xlsx saved
file output/tables/SI_heterogeneity_priors.xlsx saved
file output/tables/SI_heterogeneity_priors.xlsx saved
file output/tables/SI_heterogeneity_priors.xlsx saved
file output/tables/SI_heterogeneity_priors.xlsx saved
file output/tables/SI_heterogeneity_priors.xlsx saved
file output/tables/SI_heterogeneity_priors.xlsx saved
file output/tables/SI_heterogeneity_priors.xlsx saved
file output/tables/SI_heterogeneity_priors.xlsx saved
file output/tables/SI_heterogeneity_priors.xlsx saved
file output/tables/SI_heterogeneity_priors.xlsx saved
file output/tables/SI_heterogeneity_priors.xlsx saved
file output/tables/SI_heterogeneity_priors.xlsx saved
file output/tables/SI_heterogeneity_priors.xlsx saved
file output/tables/SI_heterogeneity_priors.xlsx saved
file output/tables/SI_heterogeneity_priors.xlsx saved
file output/tables/SI_heterogeneity_priors.xlsx saved
file output/tables/SI_heterogeneity_priors.xlsx saved
file output/tables/SI_heterogeneity_priors.xlsx saved
file output/tables/SI_heterogeneity_priors.xlsx saved
file output/tables/SI_heterogeneity_priors.xlsx saved
file output/tables/SI_heterogeneity_priors.xlsx saved
file output/tables/SI_heterogeneity_priors.xlsx saved
file output/tables/SI_heterogeneity_priors.xlsx saved
file output/tables/SI_heterogeneity_priors.xlsx saved
file output/tables/SI_heterogeneity_priors.xlsx saved
file output/tables/SI_heterogeneity_priors.xlsx saved
file output/tables/SI_heterogeneity_priors.xlsx saved
file output/tables/SI_heterogeneity_priors.xlsx saved
file output/tables/SI_heterogeneity_priors.xlsx saved
file output/tables/SI_heterogeneity_priors.xlsx saved
file output/tables/SI_heterogeneity_priors.xlsx saved
file output/tables/SI_heterogeneity_priors.xlsx saved
file output/tables/SI_heterogeneity_priors.xlsx saved
file output/tables/SI_heterogeneity_priors.xlsx saved
file output/tables/SI_heterogeneity_priors.xlsx saved
file output/tables/SI_heterogeneity_priors.xlsx saved
file output/tables/SI_heterogeneity_priors.xlsx saved
file output/tables/SI_heterogeneity_priors.xlsx saved
file output/tables/SI_heterogeneity_priors.xlsx saved
file output/tables/SI_heterogeneity_priors.xlsx saved
file output/tables/SI_heterogeneity_priors.xlsx saved
file output/tables/SI_heterogeneity_priors.xlsx saved
file output/tables/SI_heterogeneity_priors.xlsx saved
file output/tables/SI_heterogeneity_priors.xlsx saved
file output/tables/SI_heterogeneity_priors.xlsx saved
file output/tables/SI_heterogeneity_priors.xlsx saved
file output/tables/SI_heterogeneity_priors.xlsx saved
file output/tables/SI_heterogeneity_priors.xlsx saved
file output/tables/SI_heterogeneity_priors.xlsx saved
file output/tables/SI_heterogeneity_priors.xlsx saved
file output/tables/SI_heterogeneity_priors.xlsx saved
file output/tables/SI_heterogeneity_priors.xlsx saved
file output/tables/SI_heterogeneity_priors.xlsx saved
file output/tables/SI_heterogeneity_priors.xlsx saved
file output/tables/SI_heterogeneity_priors.xlsx saved
file output/tables/SI_heterogeneity_priors.xlsx saved
file output/tables/SI_heterogeneity_priors.xlsx saved
file output/tables/SI_heterogeneity_priors.xlsx saved
file output/tables/SI_heterogeneity_priors.xlsx saved
file output/tables/SI_heterogeneity_priors.xlsx saved
file output/tables/SI_heterogeneity_priors.xlsx saved
file output/tables/SI_heterogeneity_priors.xlsx saved
file output/tables/SI_heterogeneity_priors.xlsx saved
file output/tables/SI_heterogeneity_priors.xlsx saved
file output/tables/SI_heterogeneity_priors.xlsx saved
file output/tables/SI_heterogeneity_priors.xlsx saved
file output/tables/SI_heterogeneity_priors.xlsx saved
file output/tables/SI_heterogeneity_priors.xlsx saved
file output/tables/SI_heterogeneity_priors.xlsx saved
file output/tables/SI_heterogeneity_priors.xlsx saved
file output/tables/SI_heterogeneity_priors.xlsx saved
file output/tables/SI_heterogeneity_priors.xlsx saved
file output/tables/SI_heterogeneity_priors.xlsx saved
file output/tables/SI_heterogeneity_priors.xlsx saved
file output/tables/SI_heterogeneity_priors.xlsx saved
file output/tables/SI_heterogeneity_priors.xlsx saved
file output/tables/SI_heterogeneity_priors.xlsx saved
file output/tables/SI_heterogeneity_priors.xlsx saved
file output/tables/SI_heterogeneity_priors.xlsx saved
file output/tables/SI_heterogeneity_priors.xlsx saved
file output/tables/SI_heterogeneity_priors.xlsx saved
file output/tables/SI_heterogeneity_priors.xlsx saved
file output/tables/SI_heterogeneity_priors.xlsx saved
file output/tables/SI_heterogeneity_priors.xlsx saved
file output/tables/SI_heterogeneity_priors.xlsx saved
file output/tables/SI_heterogeneity_priors.xlsx saved
file output/tables/SI_heterogeneity_priors.xlsx saved
file output/tables/SI_heterogeneity_priors.xlsx saved
file output/tables/SI_heterogeneity_priors.xlsx saved
file output/tables/SI_heterogeneity_priors.xlsx saved
file output/tables/SI_heterogeneity_priors.xlsx saved
file output/tables/SI_heterogeneity_priors.xlsx saved
file output/tables/SI_heterogeneity_priors.xlsx saved
file output/tables/SI_heterogeneity_priors.xlsx saved
file output/tables/SI_heterogeneity_priors.xlsx saved
file output/tables/SI_heterogeneity_priors.xlsx saved
file output/tables/SI_heterogeneity_priors.xlsx saved
file output/tables/SI_heterogeneity_priors.xlsx saved
file output/tables/SI_heterogeneity_priors.xlsx saved
file output/tables/SI_heterogeneity_priors.xlsx saved
file output/tables/SI_heterogeneity_priors.xlsx saved
file output/tables/SI_heterogeneity_priors.xlsx saved
file output/tables/SI_heterogeneity_priors.xlsx saved
file output/tables/SI_heterogeneity_priors.xlsx saved
file output/tables/SI_heterogeneity_priors.xlsx saved
file output/tables/SI_heterogeneity_priors.xlsx saved
file output/tables/SI_heterogeneity_priors.xlsx saved
file output/tables/SI_heterogeneity_priors.xlsx saved
file output/tables/SI_heterogeneity_priors.xlsx saved
file output/tables/SI_heterogeneity_priors.xlsx saved
file output/tables/SI_heterogeneity_priors.xlsx saved
file output/tables/SI_heterogeneity_priors.xlsx saved
file output/tables/SI_heterogeneity_priors.xlsx saved
file output/tables/SI_heterogeneity_priors.xlsx saved
file output/tables/SI_heterogeneity_priors.xlsx saved
file output/tables/SI_heterogeneity_priors.xlsx saved
file output/tables/SI_heterogeneity_priors.xlsx saved
file output/tables/SI_heterogeneity_priors.xlsx saved
file output/tables/SI_heterogeneity_priors.xlsx saved
file output/tables/SI_heterogeneity_priors.xlsx saved
file output/tables/SI_heterogeneity_priors.xlsx saved
file output/tables/SI_heterogeneity_priors.xlsx saved
file output/tables/SI_heterogeneity_priors.xlsx saved
file output/tables/SI_heterogeneity_priors.xlsx saved
file output/tables/SI_heterogeneity_priors.xlsx saved
file output/tables/SI_heterogeneity_priors.xlsx saved
file output/tables/SI_heterogeneity_priors.xlsx saved
file output/tables/SI_heterogeneity_priors.xlsx saved
file output/tables/SI_heterogeneity_priors.xlsx saved
file output/tables/SI_heterogeneity_priors.xlsx saved
file output/tables/SI_heterogeneity_priors.xlsx saved
file output/tables/SI_heterogeneity_priors.xlsx saved
file output/tables/SI_heterogeneity_priors.xlsx saved
file output/tables/SI_heterogeneity_priors.xlsx saved
file output/tables/SI_heterogeneity_priors.xlsx saved
file output/tables/SI_heterogeneity_priors.xlsx saved
file output/tables/SI_heterogeneity_priors.xlsx saved
file output/tables/SI_heterogeneity_priors.xlsx saved
file output/tables/SI_heterogeneity_priors.xlsx saved
file output/tables/SI_heterogeneity_priors.xlsx saved
file output/tables/SI_heterogeneity_priors.xlsx saved
file output/tables/SI_heterogeneity_priors.xlsx saved
file output/tables/SI_heterogeneity_priors.xlsx saved
file output/tables/SI_heterogeneity_priors.xlsx saved
file output/tables/SI_heterogeneity_priors.xlsx saved
file output/tables/SI_heterogeneity_priors.xlsx saved
file output/tables/SI_heterogeneity_priors.xlsx saved
file output/tables/SI_heterogeneity_priors.xlsx saved
file output/tables/SI_heterogeneity_priors.xlsx saved
file output/tables/SI_heterogeneity_priors.xlsx saved
file output/tables/SI_heterogeneity_priors.xlsx saved
file output/tables/SI_heterogeneity_priors.xlsx saved
file output/tables/SI_heterogeneity_priors.xlsx saved
file output/tables/SI_heterogeneity_priors.xlsx saved
file output/tables/SI_heterogeneity_priors.xlsx saved
file output/tables/SI_heterogeneity_priors.xlsx saved
file output/tables/SI_heterogeneity_priors.xlsx saved
file output/tables/SI_heterogeneity_priors.xlsx saved
file output/tables/SI_heterogeneity_priors.xlsx saved
file output/tables/SI_heterogeneity_priors.xlsx saved
file output/tables/SI_heterogeneity_priors.xlsx saved
file output/tables/SI_heterogeneity_priors.xlsx saved
file output/tables/SI_heterogeneity_priors.xlsx saved
file output/tables/SI_heterogeneity_priors.xlsx saved
file output/tables/SI_heterogeneity_priors.xlsx saved
file output/tables/SI_heterogeneity_priors.xlsx saved
file output/tables/SI_heterogeneity_priors.xlsx saved
file output/tables/SI_heterogeneity_priors.xlsx saved
file output/tables/SI_heterogeneity_priors.xlsx saved
file output/tables/SI_heterogeneity_priors.xlsx saved
file output/tables/SI_heterogeneity_priors.xlsx saved
file output/tables/SI_heterogeneity_priors.xlsx saved
file output/tables/SI_heterogeneity_priors.xlsx saved
file output/tables/SI_heterogeneity_priors.xlsx saved
file output/tables/SI_heterogeneity_priors.xlsx saved
file output/tables/SI_heterogeneity_priors.xlsx saved
file output/tables/SI_heterogeneity_priors.xlsx saved
file output/tables/SI_heterogeneity_priors.xlsx saved
file output/tables/SI_heterogeneity_priors.xlsx saved
file output/tables/SI_heterogeneity_priors.xlsx saved
file output/tables/SI_heterogeneity_priors.xlsx saved
file output/tables/SI_heterogeneity_priors.xlsx saved
file output/tables/SI_heterogeneity_priors.xlsx saved
file output/tables/SI_heterogeneity_priors.xlsx saved
file output/tables/SI_heterogeneity_priors.xlsx saved
file output/tables/SI_heterogeneity_priors.xlsx saved
file output/tables/SI_heterogeneity_priors.xlsx saved
file output/tables/SI_heterogeneity_priors.xlsx saved
file output/tables/SI_heterogeneity_priors.xlsx saved
file output/tables/SI_heterogeneity_priors.xlsx saved
file output/tables/SI_heterogeneity_priors.xlsx saved
file output/tables/SI_heterogeneity_priors.xlsx saved
file output/tables/SI_heterogeneity_priors.xlsx saved
file output/tables/SI_heterogeneity_priors.xlsx saved
file output/tables/SI_heterogeneity_priors.xlsx saved
file output/tables/SI_heterogeneity_priors.xlsx saved
file output/tables/SI_heterogeneity_priors.xlsx saved
file output/tables/SI_heterogeneity_priors.xlsx saved
file output/tables/SI_heterogeneity_priors.xlsx saved
file output/tables/SI_heterogeneity_priors.xlsx saved
file output/tables/SI_heterogeneity_priors.xlsx saved
file output/tables/SI_heterogeneity_priors.xlsx saved
file output/tables/SI_heterogeneity_priors.xlsx saved
file output/tables/SI_heterogeneity_priors.xlsx saved
file output/tables/SI_heterogeneity_priors.xlsx saved
file output/tables/SI_heterogeneity_priors.xlsx saved
file output/tables/SI_heterogeneity_priors.xlsx saved
file output/tables/SI_heterogeneity_priors.xlsx saved
file output/tables/SI_heterogeneity_priors.xlsx saved
file output/tables/SI_heterogeneity_priors.xlsx saved
file output/tables/SI_heterogeneity_priors.xlsx saved
file output/tables/SI_heterogeneity_priors.xlsx saved
file output/tables/SI_heterogeneity_priors.xlsx saved
file output/tables/SI_heterogeneity_priors.xlsx saved
file output/tables/SI_heterogeneity_priors.xlsx saved
file output/tables/SI_heterogeneity_priors.xlsx saved
file output/tables/SI_heterogeneity_priors.xlsx saved
file output/tables/SI_heterogeneity_priors.xlsx saved
file output/tables/SI_heterogeneity_priors.xlsx saved
file output/tables/SI_heterogeneity_priors.xlsx saved
file output/tables/SI_heterogeneity_priors.xlsx saved
file output/tables/SI_heterogeneity_priors.xlsx saved
file output/tables/SI_heterogeneity_priors.xlsx saved
file output/tables/SI_heterogeneity_priors.xlsx saved
file output/tables/SI_heterogeneity_priors.xlsx saved
file output/tables/SI_heterogeneity_priors.xlsx saved
file output/tables/SI_heterogeneity_priors.xlsx saved
file output/tables/SI_heterogeneity_priors.xlsx saved
file output/tables/SI_heterogeneity_priors.xlsx saved
file output/tables/SI_heterogeneity_priors.xlsx saved
file output/tables/SI_heterogeneity_priors.xlsx saved
file output/tables/SI_heterogeneity_priors.xlsx saved
file output/tables/SI_heterogeneity_priors.xlsx saved
file output/tables/SI_heterogeneity_priors.xlsx saved
file output/tables/SI_heterogeneity_priors.xlsx saved
file output/tables/SI_heterogeneity_priors.xlsx saved
file output/tables/SI_heterogeneity_priors.xlsx saved
file output/tables/SI_heterogeneity_priors.xlsx saved
file output/tables/SI_heterogeneity_priors.xlsx saved
file output/tables/SI_heterogeneity_priors.xlsx saved
file output/tables/SI_heterogeneity_priors.xlsx saved
file output/tables/SI_heterogeneity_priors.xlsx saved
file output/tables/SI_heterogeneity_priors.xlsx saved
file output/tables/SI_heterogeneity_priors.xlsx saved
file output/tables/SI_heterogeneity_priors.xlsx saved
file output/tables/SI_heterogeneity_priors.xlsx saved
file output/tables/SI_heterogeneity_priors.xlsx saved
file output/tables/SI_heterogeneity_priors.xlsx saved
file output/tables/SI_heterogeneity_priors.xlsx saved
file output/tables/SI_heterogeneity_priors.xlsx saved
file output/tables/SI_heterogeneity_priors.xlsx saved
file output/tables/SI_heterogeneity_priors.xlsx saved
file output/tables/SI_heterogeneity_priors.xlsx saved
file output/tables/SI_heterogeneity_priors.xlsx saved
file output/tables/SI_heterogeneity_priors.xlsx saved
file output/tables/SI_heterogeneity_priors.xlsx saved
file output/tables/SI_heterogeneity_priors.xlsx saved
file output/tables/SI_heterogeneity_priors.xlsx saved
file output/tables/SI_heterogeneity_priors.xlsx saved
file output/tables/SI_heterogeneity_priors.xlsx saved
file output/tables/SI_heterogeneity_priors.xlsx saved
file output/tables/SI_heterogeneity_priors.xlsx saved
file output/tables/SI_heterogeneity_priors.xlsx saved
file output/tables/SI_heterogeneity_priors.xlsx saved
file output/tables/SI_heterogeneity_priors.xlsx saved
file output/tables/SI_heterogeneity_priors.xlsx saved
file output/tables/SI_heterogeneity_priors.xlsx saved
file output/tables/SI_heterogeneity_priors.xlsx saved
file output/tables/SI_heterogeneity_priors.xlsx saved
file output/tables/SI_heterogeneity_priors.xlsx saved
file output/tables/SI_heterogeneity_priors.xlsx saved
file output/tables/SI_heterogeneity_priors.xlsx saved
file output/tables/SI_heterogeneity_priors.xlsx saved
file output/tables/SI_heterogeneity_priors.xlsx saved
file output/tables/SI_heterogeneity_priors.xlsx saved
file output/tables/SI_heterogeneity_priors.xlsx saved
file output/tables/SI_heterogeneity_priors.xlsx saved
file output/tables/SI_heterogeneity_priors.xlsx saved
file output/tables/SI_heterogeneity_priors.xlsx saved
file output/tables/SI_heterogeneity_priors.xlsx saved
file output/tables/SI_heterogeneity_priors.xlsx saved
file output/tables/SI_heterogeneity_priors.xlsx saved
file output/tables/SI_heterogeneity_priors.xlsx saved
file output/tables/SI_heterogeneity_priors.xlsx saved
file output/tables/SI_heterogeneity_priors.xlsx saved
file output/tables/SI_heterogeneity_priors.xlsx saved
file output/tables/SI_heterogeneity_priors.xlsx saved
file output/tables/SI_heterogeneity_priors.xlsx saved
file output/tables/SI_heterogeneity_priors.xlsx saved
file output/tables/SI_heterogeneity_priors.xlsx saved
file output/tables/SI_heterogeneity_priors.xlsx saved
file output/tables/SI_heterogeneity_priors.xlsx saved
file output/tables/SI_heterogeneity_priors.xlsx saved
file output/tables/SI_heterogeneity_priors.xlsx saved
file output/tables/SI_heterogeneity_priors.xlsx saved
file output/tables/SI_heterogeneity_priors.xlsx saved
file output/tables/SI_heterogeneity_priors.xlsx saved
file output/tables/SI_heterogeneity_priors.xlsx saved
file output/tables/SI_heterogeneity_priors.xlsx saved
file output/tables/SI_heterogeneity_priors.xlsx saved
file output/tables/SI_heterogeneity_priors.xlsx saved
file output/tables/SI_heterogeneity_priors.xlsx saved
file output/tables/SI_heterogeneity_priors.xlsx saved
file output/tables/SI_heterogeneity_priors.xlsx saved
file output/tables/SI_heterogeneity_priors.xlsx saved
file output/tables/SI_heterogeneity_priors.xlsx saved
file output/tables/SI_heterogeneity_priors.xlsx saved
file output/tables/SI_heterogeneity_priors.xlsx saved
file output/tables/SI_heterogeneity_priors.xlsx saved
file output/tables/SI_heterogeneity_priors.xlsx saved
file output/tables/SI_heterogeneity_priors.xlsx saved
file output/tables/SI_heterogeneity_priors.xlsx saved
file output/tables/SI_heterogeneity_priors.xlsx saved
file output/tables/SI_heterogeneity_priors.xlsx saved
file output/tables/SI_heterogeneity_priors.xlsx saved
file output/tables/SI_heterogeneity_priors.xlsx saved
file output/tables/SI_heterogeneity_priors.xlsx saved
file output/tables/SI_heterogeneity_priors.xlsx saved
file output/tables/SI_heterogeneity_priors.xlsx saved
file output/tables/SI_heterogeneity_priors.xlsx saved
file output/tables/SI_heterogeneity_priors.xlsx saved
file output/tables/SI_heterogeneity_priors.xlsx saved
file output/tables/SI_heterogeneity_priors.xlsx saved
file output/tables/SI_heterogeneity_priors.xlsx saved
file output/tables/SI_heterogeneity_priors.xlsx saved
file output/tables/SI_heterogeneity_priors.xlsx saved
file output/tables/SI_heterogeneity_priors.xlsx saved
file output/tables/SI_heterogeneity_priors.xlsx saved
file output/tables/SI_heterogeneity_priors.xlsx saved
file output/tables/SI_heterogeneity_priors.xlsx saved
file output/tables/SI_heterogeneity_priors.xlsx saved
file output/tables/SI_heterogeneity_priors.xlsx saved
file output/tables/SI_heterogeneity_priors.xlsx saved
file output/tables/SI_heterogeneity_priors.xlsx saved
file output/tables/SI_heterogeneity_priors.xlsx saved
file output/tables/SI_heterogeneity_priors.xlsx saved
file output/tables/SI_heterogeneity_priors.xlsx saved
file output/tables/SI_heterogeneity_priors.xlsx saved
file output/tables/SI_heterogeneity_priors.xlsx saved
file output/tables/SI_heterogeneity_priors.xlsx saved
file output/tables/SI_heterogeneity_priors.xlsx saved
file output/tables/SI_heterogeneity_priors.xlsx saved
file output/tables/SI_heterogeneity_priors.xlsx saved
file output/tables/SI_heterogeneity_priors.xlsx saved
file output/tables/SI_heterogeneity_priors.xlsx saved
file output/tables/SI_heterogeneity_priors.xlsx saved
file output/tables/SI_heterogeneity_priors.xlsx saved
file output/tables/SI_heterogeneity_priors.xlsx saved
file output/tables/SI_heterogeneity_priors.xlsx saved
file output/tables/SI_heterogeneity_priors.xlsx saved
file output/tables/SI_heterogeneity_priors.xlsx saved
file output/tables/SI_heterogeneity_priors.xlsx saved
file output/tables/SI_heterogeneity_priors.xlsx saved
file output/tables/SI_heterogeneity_priors.xlsx saved
file output/tables/SI_heterogeneity_priors.xlsx saved
file output/tables/SI_heterogeneity_priors.xlsx saved
file output/tables/SI_heterogeneity_priors.xlsx saved
file output/tables/SI_heterogeneity_priors.xlsx saved
file output/tables/SI_heterogeneity_priors.xlsx saved
file output/tables/SI_heterogeneity_priors.xlsx saved
file output/tables/SI_heterogeneity_priors.xlsx saved
file output/tables/SI_heterogeneity_priors.xlsx saved
file output/tables/SI_heterogeneity_priors.xlsx saved
file output/tables/SI_heterogeneity_priors.xlsx saved
file output/tables/SI_heterogeneity_priors.xlsx saved
file output/tables/SI_heterogeneity_priors.xlsx saved
file output/tables/SI_heterogeneity_priors.xlsx saved
file output/tables/SI_heterogeneity_priors.xlsx saved
file output/tables/SI_heterogeneity_priors.xlsx saved
file output/tables/SI_heterogeneity_priors.xlsx saved
file output/tables/SI_heterogeneity_priors.xlsx saved
file output/tables/SI_heterogeneity_priors.xlsx saved
file output/tables/SI_heterogeneity_priors.xlsx saved
file output/tables/SI_heterogeneity_priors.xlsx saved
file output/tables/SI_heterogeneity_priors.xlsx saved
file output/tables/SI_heterogeneity_priors.xlsx saved
file output/tables/SI_heterogeneity_priors.xlsx saved
file output/tables/SI_heterogeneity_priors.xlsx saved
file output/tables/SI_heterogeneity_priors.xlsx saved
file output/tables/SI_heterogeneity_priors.xlsx saved
file output/tables/SI_heterogeneity_priors.xlsx saved
file output/tables/SI_heterogeneity_priors.xlsx saved
file output/tables/SI_heterogeneity_priors.xlsx saved
file output/tables/SI_heterogeneity_priors.xlsx saved
file output/tables/SI_heterogeneity_priors.xlsx saved
file output/tables/SI_heterogeneity_priors.xlsx saved
file output/tables/SI_heterogeneity_priors.xlsx saved
file output/tables/SI_heterogeneity_priors.xlsx saved
file output/tables/SI_heterogeneity_priors.xlsx saved
file output/tables/SI_heterogeneity_priors.xlsx saved
file output/tables/SI_heterogeneity_priors.xlsx saved
file output/tables/SI_heterogeneity_priors.xlsx saved
file output/tables/SI_heterogeneity_priors.xlsx saved
file output/tables/SI_heterogeneity_priors.xlsx saved
file output/tables/SI_heterogeneity_priors.xlsx saved
file output/tables/SI_heterogeneity_priors.xlsx saved
file output/tables/SI_heterogeneity_priors.xlsx saved
file output/tables/SI_heterogeneity_priors.xlsx saved
file output/tables/SI_heterogeneity_priors.xlsx saved
file output/tables/SI_heterogeneity_priors.xlsx saved
file output/tables/SI_heterogeneity_priors.xlsx saved
file output/tables/SI_heterogeneity_priors.xlsx saved
file output/tables/SI_heterogeneity_priors.xlsx saved
file output/tables/SI_heterogeneity_priors.xlsx saved
file output/tables/SI_heterogeneity_priors.xlsx saved
file output/tables/SI_heterogeneity_priors.xlsx saved
file output/tables/SI_heterogeneity_priors.xlsx saved
file output/tables/SI_heterogeneity_priors.xlsx saved
file output/tables/SI_heterogeneity_priors.xlsx saved
file output/tables/SI_heterogeneity_priors.xlsx saved
file output/tables/SI_heterogeneity_priors.xlsx saved
file output/tables/SI_heterogeneity_priors.xlsx saved
file output/tables/SI_heterogeneity_priors.xlsx saved
file output/tables/SI_heterogeneity_priors.xlsx saved
file output/tables/SI_heterogeneity_priors.xlsx saved
file output/tables/SI_heterogeneity_priors.xlsx saved
file output/tables/SI_heterogeneity_priors.xlsx saved
file output/tables/SI_heterogeneity_priors.xlsx saved
file output/tables/SI_heterogeneity_priors.xlsx saved
file output/tables/SI_heterogeneity_priors.xlsx saved
file output/tables/SI_heterogeneity_priors.xlsx saved
file output/tables/SI_heterogeneity_priors.xlsx saved
file output/tables/SI_heterogeneity_priors.xlsx saved
file output/tables/SI_heterogeneity_priors.xlsx saved
file output/tables/SI_heterogeneity_priors.xlsx saved
file output/tables/SI_heterogeneity_priors.xlsx saved
file output/tables/SI_heterogeneity_priors.xlsx saved
file output/tables/SI_heterogeneity_priors.xlsx saved
file output/tables/SI_heterogeneity_priors.xlsx saved
file output/tables/SI_heterogeneity_priors.xlsx saved
file output/tables/SI_heterogeneity_priors.xlsx saved
file output/tables/SI_heterogeneity_priors.xlsx saved
file output/tables/SI_heterogeneity_priors.xlsx saved
file output/tables/SI_heterogeneity_priors.xlsx saved
file output/tables/SI_heterogeneity_priors.xlsx saved
file output/tables/SI_heterogeneity_priors.xlsx saved
file output/tables/SI_heterogeneity_priors.xlsx saved
file output/tables/SI_heterogeneity_priors.xlsx saved
file output/tables/SI_heterogeneity_priors.xlsx saved
file output/tables/SI_heterogeneity_priors.xlsx saved
file output/tables/SI_heterogeneity_priors.xlsx saved
file output/tables/SI_heterogeneity_priors.xlsx saved
file output/tables/SI_heterogeneity_priors.xlsx saved
file output/tables/SI_heterogeneity_priors.xlsx saved
file output/tables/SI_heterogeneity_priors.xlsx saved
file output/tables/SI_heterogeneity_priors.xlsx saved
file output/tables/SI_heterogeneity_priors.xlsx saved
file output/tables/SI_heterogeneity_priors.xlsx saved
file output/tables/SI_heterogeneity_priors.xlsx saved
file output/tables/SI_heterogeneity_priors.xlsx saved
file output/tables/SI_heterogeneity_priors.xlsx saved
file output/tables/SI_heterogeneity_priors.xlsx saved
file output/tables/SI_heterogeneity_priors.xlsx saved
file output/tables/SI_heterogeneity_priors.xlsx saved
file output/tables/SI_heterogeneity_priors.xlsx saved
file output/tables/SI_heterogeneity_priors.xlsx saved
file output/tables/SI_heterogeneity_priors.xlsx saved
file output/tables/SI_heterogeneity_priors.xlsx saved
file output/tables/SI_heterogeneity_priors.xlsx saved
file output/tables/SI_heterogeneity_priors.xlsx saved
file output/tables/SI_heterogeneity_priors.xlsx saved
file output/tables/SI_heterogeneity_priors.xlsx saved
file output/tables/SI_heterogeneity_priors.xlsx saved
file output/tables/SI_heterogeneity_priors.xlsx saved
file output/tables/SI_heterogeneity_priors.xlsx saved
file output/tables/SI_heterogeneity_priors.xlsx saved
file output/tables/SI_heterogeneity_priors.xlsx saved
file output/tables/SI_heterogeneity_priors.xlsx saved
file output/tables/SI_heterogeneity_priors.xlsx saved
file output/tables/SI_heterogeneity_priors.xlsx saved
file output/tables/SI_heterogeneity_priors.xlsx saved
file output/tables/SI_heterogeneity_priors.xlsx saved
file output/tables/SI_heterogeneity_priors.xlsx saved
file output/tables/SI_heterogeneity_priors.xlsx saved
file output/tables/SI_heterogeneity_priors.xlsx saved
file output/tables/SI_heterogeneity_priors.xlsx saved
file output/tables/SI_heterogeneity_priors.xlsx saved
file output/tables/SI_heterogeneity_priors.xlsx saved
file output/tables/SI_heterogeneity_priors.xlsx saved
file output/tables/SI_heterogeneity_priors.xlsx saved
file output/tables/SI_heterogeneity_priors.xlsx saved
file output/tables/SI_heterogeneity_priors.xlsx saved
file output/tables/SI_heterogeneity_priors.xlsx saved
file output/tables/SI_heterogeneity_priors.xlsx saved
file output/tables/SI_heterogeneity_priors.xlsx saved
file output/tables/SI_heterogeneity_priors.xlsx saved
file output/tables/SI_heterogeneity_priors.xlsx saved
file output/tables/SI_heterogeneity_priors.xlsx saved
file output/tables/SI_heterogeneity_priors.xlsx saved
file output/tables/SI_heterogeneity_priors.xlsx saved
file output/tables/SI_heterogeneity_priors.xlsx saved
file output/tables/SI_heterogeneity_priors.xlsx saved
file output/tables/SI_heterogeneity_priors.xlsx saved
file output/tables/SI_heterogeneity_priors.xlsx saved
file output/tables/SI_heterogeneity_priors.xlsx saved
file output/tables/SI_heterogeneity_priors.xlsx saved
file output/tables/SI_heterogeneity_priors.xlsx saved
file output/tables/SI_heterogeneity_priors.xlsx saved
file output/tables/SI_heterogeneity_priors.xlsx saved
file output/tables/SI_heterogeneity_priors.xlsx saved
file output/tables/SI_heterogeneity_priors.xlsx saved
file output/tables/SI_heterogeneity_priors.xlsx saved
file output/tables/SI_heterogeneity_priors.xlsx saved
file output/tables/SI_heterogeneity_priors.xlsx saved
file output/tables/SI_heterogeneity_priors.xlsx saved
file output/tables/SI_heterogeneity_priors.xlsx saved
file output/tables/SI_heterogeneity_priors.xlsx saved
file output/tables/SI_heterogeneity_priors.xlsx saved
file output/tables/SI_heterogeneity_priors.xlsx saved
file output/tables/SI_heterogeneity_priors.xlsx saved
file output/tables/SI_heterogeneity_priors.xlsx saved
file output/tables/SI_heterogeneity_priors.xlsx saved
file output/tables/SI_heterogeneity_priors.xlsx saved
file output/tables/SI_heterogeneity_priors.xlsx saved
file output/tables/SI_heterogeneity_priors.xlsx saved
file output/tables/SI_heterogeneity_priors.xlsx saved
file output/tables/SI_heterogeneity_priors.xlsx saved
file output/tables/SI_heterogeneity_priors.xlsx saved
file output/tables/SI_heterogeneity_priors.xlsx saved
file output/tables/SI_heterogeneity_priors.xlsx saved
file output/tables/SI_heterogeneity_priors.xlsx saved
file output/tables/SI_heterogeneity_priors.xlsx saved
file output/tables/SI_heterogeneity_priors.xlsx saved
file output/tables/SI_heterogeneity_priors.xlsx saved
file output/tables/SI_heterogeneity_priors.xlsx saved
file output/tables/SI_heterogeneity_priors.xlsx saved
file output/tables/SI_heterogeneity_priors.xlsx saved
file output/tables/SI_heterogeneity_priors.xlsx saved
file output/tables/SI_heterogeneity_priors.xlsx saved
file output/tables/SI_heterogeneity_priors.xlsx saved
file output/tables/SI_heterogeneity_priors.xlsx saved
file output/tables/SI_heterogeneity_priors.xlsx saved
file output/tables/SI_heterogeneity_priors.xlsx saved
file output/tables/SI_heterogeneity_priors.xlsx saved
file output/tables/SI_heterogeneity_priors.xlsx saved
file output/tables/SI_heterogeneity_priors.xlsx saved
file output/tables/SI_heterogeneity_priors.xlsx saved
file output/tables/SI_heterogeneity_priors.xlsx saved
file output/tables/SI_heterogeneity_priors.xlsx saved
file output/tables/SI_heterogeneity_priors.xlsx saved
file output/tables/SI_heterogeneity_priors.xlsx saved
file output/tables/SI_heterogeneity_priors.xlsx saved
file output/tables/SI_heterogeneity_priors.xlsx saved
file output/tables/SI_heterogeneity_priors.xlsx saved
file output/tables/SI_heterogeneity_priors.xlsx saved
file output/tables/SI_heterogeneity_priors.xlsx saved
file output/tables/SI_heterogeneity_priors.xlsx saved
file output/tables/SI_heterogeneity_priors.xlsx saved
file output/tables/SI_heterogeneity_priors.xlsx saved
file output/tables/SI_heterogeneity_priors.xlsx saved
file output/tables/SI_heterogeneity_priors.xlsx saved
file output/tables/SI_heterogeneity_priors.xlsx saved
file output/tables/SI_heterogeneity_priors.xlsx saved
file output/tables/SI_heterogeneity_priors.xlsx saved
file output/tables/SI_heterogeneity_priors.xlsx saved
file output/tables/SI_heterogeneity_priors.xlsx saved
file output/tables/SI_heterogeneity_priors.xlsx saved
file output/tables/SI_heterogeneity_priors.xlsx saved
file output/tables/SI_heterogeneity_priors.xlsx saved
file output/tables/SI_heterogeneity_priors.xlsx saved
file output/tables/SI_heterogeneity_priors.xlsx saved
file output/tables/SI_heterogeneity_priors.xlsx saved
file output/tables/SI_heterogeneity_priors.xlsx saved
file output/tables/SI_heterogeneity_priors.xlsx saved
file output/tables/SI_heterogeneity_priors.xlsx saved
file output/tables/SI_heterogeneity_priors.xlsx saved
file output/tables/SI_heterogeneity_priors.xlsx saved
file output/tables/SI_heterogeneity_priors.xlsx saved
file output/tables/SI_heterogeneity_priors.xlsx saved
file output/tables/SI_heterogeneity_priors.xlsx saved
file output/tables/SI_heterogeneity_priors.xlsx saved
file output/tables/SI_heterogeneity_priors.xlsx saved
file output/tables/SI_heterogeneity_priors.xlsx saved
file output/tables/SI_heterogeneity_priors.xlsx saved
file output/tables/SI_heterogeneity_priors.xlsx saved
file output/tables/SI_heterogeneity_priors.xlsx saved
file output/tables/SI_heterogeneity_priors.xlsx saved

. 
. // Joint F-tests for each model
. putexcel set "`xlsx_p'", sheet("joint_F_tests") modify

. putexcel A1 = "SI Figs A4-A6 - Joint interaction F-tests, FW akt=1"
file output/tables/SI_heterogeneity_priors.xlsx saved

. putexcel A3 = "Outcome"
file output/tables/SI_heterogeneity_priors.xlsx saved

. putexcel B3 = "Prior moderator"
file output/tables/SI_heterogeneity_priors.xlsx saved

. putexcel C3 = "F"
file output/tables/SI_heterogeneity_priors.xlsx saved

. putexcel D3 = "p"
file output/tables/SI_heterogeneity_priors.xlsx saved

. putexcel E3 = "n"
file output/tables/SI_heterogeneity_priors.xlsx saved

. local row = 4

. foreach y in vol gov busi {
  2.     foreach p of local priors {
  3.         putexcel A`row' = "`y'"
  4.         putexcel B`row' = "`p'"
  5.         putexcel C`row' = (F_`y'_`p')
  6.         putexcel D`row' = (pF_`y'_`p')
  7.         putexcel E`row' = (N_`y'_`p')
  8.         local ++row
  9.     }
 10. }
file output/tables/SI_heterogeneity_priors.xlsx saved
file output/tables/SI_heterogeneity_priors.xlsx saved
file output/tables/SI_heterogeneity_priors.xlsx saved
file output/tables/SI_heterogeneity_priors.xlsx saved
file output/tables/SI_heterogeneity_priors.xlsx saved
file output/tables/SI_heterogeneity_priors.xlsx saved
file output/tables/SI_heterogeneity_priors.xlsx saved
file output/tables/SI_heterogeneity_priors.xlsx saved
file output/tables/SI_heterogeneity_priors.xlsx saved
file output/tables/SI_heterogeneity_priors.xlsx saved
file output/tables/SI_heterogeneity_priors.xlsx saved
file output/tables/SI_heterogeneity_priors.xlsx saved
file output/tables/SI_heterogeneity_priors.xlsx saved
file output/tables/SI_heterogeneity_priors.xlsx saved
file output/tables/SI_heterogeneity_priors.xlsx saved
file output/tables/SI_heterogeneity_priors.xlsx saved
file output/tables/SI_heterogeneity_priors.xlsx saved
file output/tables/SI_heterogeneity_priors.xlsx saved
file output/tables/SI_heterogeneity_priors.xlsx saved
file output/tables/SI_heterogeneity_priors.xlsx saved
file output/tables/SI_heterogeneity_priors.xlsx saved
file output/tables/SI_heterogeneity_priors.xlsx saved
file output/tables/SI_heterogeneity_priors.xlsx saved
file output/tables/SI_heterogeneity_priors.xlsx saved
file output/tables/SI_heterogeneity_priors.xlsx saved
file output/tables/SI_heterogeneity_priors.xlsx saved
file output/tables/SI_heterogeneity_priors.xlsx saved
file output/tables/SI_heterogeneity_priors.xlsx saved
file output/tables/SI_heterogeneity_priors.xlsx saved
file output/tables/SI_heterogeneity_priors.xlsx saved
file output/tables/SI_heterogeneity_priors.xlsx saved
file output/tables/SI_heterogeneity_priors.xlsx saved
file output/tables/SI_heterogeneity_priors.xlsx saved
file output/tables/SI_heterogeneity_priors.xlsx saved
file output/tables/SI_heterogeneity_priors.xlsx saved
file output/tables/SI_heterogeneity_priors.xlsx saved
file output/tables/SI_heterogeneity_priors.xlsx saved
file output/tables/SI_heterogeneity_priors.xlsx saved
file output/tables/SI_heterogeneity_priors.xlsx saved
file output/tables/SI_heterogeneity_priors.xlsx saved
file output/tables/SI_heterogeneity_priors.xlsx saved
file output/tables/SI_heterogeneity_priors.xlsx saved
file output/tables/SI_heterogeneity_priors.xlsx saved
file output/tables/SI_heterogeneity_priors.xlsx saved
file output/tables/SI_heterogeneity_priors.xlsx saved

. 
. di as txt _n "==> SI Figures A4-A6 (priors) + table written."

==> SI Figures A4-A6 (priors) + table written.

. 
end of do-file

. 
. di as txt _n "=== Done. See output/figures/ and output/tables/. ==="

=== Done. See output/figures/ and output/tables/. ===

. log close master
      name:  master
       log:  /Users/esmith/Desktop/food waste RnR/replication/logs/master_18-Sep-2026_15-29-14.log
  log type:  text
 closed on:  18 Sep 2026, 15:29:48
------------------------------------------------------------------------------------------------------------------------
